4fd9415e-d18e-49ed-8745-e2adaf757520	GET	cookie	/	AMP_MKTG_d6814239bf,AMP_MKTG_e6fe2a7b15,AMP_MKTG_e6fe2a7b15,AMP_d6814239bf,AMP_e6fe2a7b15,AMP_e6fe2a7b15,CognitoIdentityServiceProvider.7cd3keuknr18mv2boiaesbgce3.LastAuthUser,CognitoIdentityServiceProvider.7cd3keuknr18mv2boiaesbgce3.{uuid}.accessToken,CognitoIdentityServiceProvider.7cd3keuknr18mv2boiaesbgce3.{uuid}.clockDrift,CognitoIdentityServiceProvider.7cd3keuknr18mv2boiaesbgce3.{uuid}.deviceGroupKey,CognitoIdentityServiceProvider.7cd3keuknr18mv2boiaesbgce3.{uuid}.deviceKey,CognitoIdentityServiceProvider.7cd3keuknr18mv2boiaesbgce3.{uuid}.idToken,CognitoIdentityServiceProvider.7cd3keuknr18mv2boiaesbgce3.{uuid}.randomPasswordKey,CognitoIdentityServiceProvider.7cd3keuknr18mv2boiaesbgce3.{uuid}.refreshToken,CognitoIdentityServiceProvider.7cd3keuknr18mv2boiaesbgce3.{uuid}.userData,__stripe_mid,__stripe_sid,_gcl_au,_rdt_em,_rdt_uuid,amplify-signin-with-hostedUI
2a8c7eeb-f534-494e-b649-f9d65ddbd1cd	GET	cookie	/account/activities	AMP_MKTG_d6814239bf,AMP_MKTG_e6fe2a7b15,AMP_MKTG_e6fe2a7b15,AMP_d6814239bf,AMP_e6fe2a7b15,AMP_e6fe2a7b15,CognitoIdentityServiceProvider.7cd3keuknr18mv2boiaesbgce3.LastAuthUser,CognitoIdentityServiceProvider.7cd3keuknr18mv2boiaesbgce3.{uuid}.accessToken,CognitoIdentityServiceProvider.7cd3keuknr18mv2boiaesbgce3.{uuid}.clockDrift,CognitoIdentityServiceProvider.7cd3keuknr18mv2boiaesbgce3.{uuid}.deviceGroupKey,CognitoIdentityServiceProvider.7cd3keuknr18mv2boiaesbgce3.{uuid}.deviceKey,CognitoIdentityServiceProvider.7cd3keuknr18mv2boiaesbgce3.{uuid}.idToken,CognitoIdentityServiceProvider.7cd3keuknr18mv2boiaesbgce3.{uuid}.randomPasswordKey,CognitoIdentityServiceProvider.7cd3keuknr18mv2boiaesbgce3.{uuid}.refreshToken,CognitoIdentityServiceProvider.7cd3keuknr18mv2boiaesbgce3.{uuid}.userData,__stripe_mid,__stripe_sid,_gcl_au,_rdt_em,_rdt_uuid,amplify-signin-with-hostedUI,intercom-device-id-p7a9jdob,intercom-session-p7a9jdob
2f1f9914-c151-4195-82f8-3ff15f5605bc	GET	cookie	/account/documents	AMP_MKTG_d6814239bf,AMP_MKTG_e6fe2a7b15,AMP_MKTG_e6fe2a7b15,AMP_d6814239bf,AMP_e6fe2a7b15,AMP_e6fe2a7b15,CognitoIdentityServiceProvider.7cd3keuknr18mv2boiaesbgce3.LastAuthUser,CognitoIdentityServiceProvider.7cd3keuknr18mv2boiaesbgce3.{uuid}.accessToken,CognitoIdentityServiceProvider.7cd3keuknr18mv2boiaesbgce3.{uuid}.clockDrift,CognitoIdentityServiceProvider.7cd3keuknr18mv2boiaesbgce3.{uuid}.deviceGroupKey,CognitoIdentityServiceProvider.7cd3keuknr18mv2boiaesbgce3.{uuid}.deviceKey,CognitoIdentityServiceProvider.7cd3keuknr18mv2boiaesbgce3.{uuid}.idToken,CognitoIdentityServiceProvider.7cd3keuknr18mv2boiaesbgce3.{uuid}.randomPasswordKey,CognitoIdentityServiceProvider.7cd3keuknr18mv2boiaesbgce3.{uuid}.refreshToken,CognitoIdentityServiceProvider.7cd3keuknr18mv2boiaesbgce3.{uuid}.userData,__stripe_mid,__stripe_sid,_gcl_au,_rdt_em,_rdt_uuid,amplify-signin-with-hostedUI,intercom-device-id-p7a9jdob,intercom-session-p7a9jdob
749ce368-fdd0-495c-b042-88289d06d61b	GET	cookie	/account/login	AMP_MKTG_d6814239bf,AMP_MKTG_e6fe2a7b15,AMP_d6814239bf,AMP_e6fe2a7b15,__stripe_mid,__stripe_sid,_gcl_au
0bcf5cb2-e2a1-4c9a-865c-aa26ff2c9755	GET	cookie	/account/orders	AMP_MKTG_d6814239bf,AMP_MKTG_e6fe2a7b15,AMP_MKTG_e6fe2a7b15,AMP_d6814239bf,AMP_e6fe2a7b15,AMP_e6fe2a7b15,CognitoIdentityServiceProvider.7cd3keuknr18mv2boiaesbgce3.LastAuthUser,CognitoIdentityServiceProvider.7cd3keuknr18mv2boiaesbgce3.{uuid}.accessToken,CognitoIdentityServiceProvider.7cd3keuknr18mv2boiaesbgce3.{uuid}.clockDrift,CognitoIdentityServiceProvider.7cd3keuknr18mv2boiaesbgce3.{uuid}.deviceGroupKey,CognitoIdentityServiceProvider.7cd3keuknr18mv2boiaesbgce3.{uuid}.deviceKey,CognitoIdentityServiceProvider.7cd3keuknr18mv2boiaesbgce3.{uuid}.idToken,CognitoIdentityServiceProvider.7cd3keuknr18mv2boiaesbgce3.{uuid}.randomPasswordKey,CognitoIdentityServiceProvider.7cd3keuknr18mv2boiaesbgce3.{uuid}.refreshToken,CognitoIdentityServiceProvider.7cd3keuknr18mv2boiaesbgce3.{uuid}.userData,__stripe_mid,__stripe_sid,_gcl_au,_rdt_em,_rdt_uuid,amplify-signin-with-hostedUI,intercom-device-id-p7a9jdob,intercom-session-p7a9jdob
76526d44-73ba-4800-8dfb-41cd8892aa76	GET	cookie	/account/plans-and-features	AMP_MKTG_d6814239bf,AMP_MKTG_e6fe2a7b15,AMP_MKTG_e6fe2a7b15,AMP_d6814239bf,AMP_e6fe2a7b15,AMP_e6fe2a7b15,CognitoIdentityServiceProvider.7cd3keuknr18mv2boiaesbgce3.LastAuthUser,CognitoIdentityServiceProvider.7cd3keuknr18mv2boiaesbgce3.{uuid}.accessToken,CognitoIdentityServiceProvider.7cd3keuknr18mv2boiaesbgce3.{uuid}.clockDrift,CognitoIdentityServiceProvider.7cd3keuknr18mv2boiaesbgce3.{uuid}.deviceGroupKey,CognitoIdentityServiceProvider.7cd3keuknr18mv2boiaesbgce3.{uuid}.deviceKey,CognitoIdentityServiceProvider.7cd3keuknr18mv2boiaesbgce3.{uuid}.idToken,CognitoIdentityServiceProvider.7cd3keuknr18mv2boiaesbgce3.{uuid}.randomPasswordKey,CognitoIdentityServiceProvider.7cd3keuknr18mv2boiaesbgce3.{uuid}.refreshToken,CognitoIdentityServiceProvider.7cd3keuknr18mv2boiaesbgce3.{uuid}.userData,__stripe_mid,__stripe_sid,_gcl_au,_rdt_em,_rdt_uuid,amplify-signin-with-hostedUI,intercom-device-id-p7a9jdob,intercom-session-p7a9jdob
c69576a3-4258-4c32-8cd3-f5c6503b9c57	GET	cookie	/account/positions	AMP_MKTG_d6814239bf,AMP_MKTG_e6fe2a7b15,AMP_MKTG_e6fe2a7b15,AMP_d6814239bf,AMP_e6fe2a7b15,AMP_e6fe2a7b15,CognitoIdentityServiceProvider.7cd3keuknr18mv2boiaesbgce3.LastAuthUser,CognitoIdentityServiceProvider.7cd3keuknr18mv2boiaesbgce3.{uuid}.accessToken,CognitoIdentityServiceProvider.7cd3keuknr18mv2boiaesbgce3.{uuid}.clockDrift,CognitoIdentityServiceProvider.7cd3keuknr18mv2boiaesbgce3.{uuid}.deviceGroupKey,CognitoIdentityServiceProvider.7cd3keuknr18mv2boiaesbgce3.{uuid}.deviceKey,CognitoIdentityServiceProvider.7cd3keuknr18mv2boiaesbgce3.{uuid}.idToken,CognitoIdentityServiceProvider.7cd3keuknr18mv2boiaesbgce3.{uuid}.randomPasswordKey,CognitoIdentityServiceProvider.7cd3keuknr18mv2boiaesbgce3.{uuid}.refreshToken,CognitoIdentityServiceProvider.7cd3keuknr18mv2boiaesbgce3.{uuid}.userData,__stripe_mid,__stripe_sid,_gcl_au,_rdt_em,_rdt_uuid,amplify-signin-with-hostedUI,intercom-device-id-p7a9jdob,intercom-session-p7a9jdob
32e1390e-2ab2-4e5b-bb7c-758c0eb0d693	GET	query	/accounts/%7Baccount_id%7D/trade_account/margin	include_recent_deposits
3590531d-91d1-429c-ae86-08a7efef6858	GET	header	/api/v1/accounts	authorization
db769f35-32ae-44b9-9074-f6e70b33c4a2	GET	path	/api/v1/accounts	
6330df8c-8c00-4da0-b798-5b9a056cf101	GET	cookie	/api/v1/accounts	AMP_MKTG_d6814239bf,AMP_MKTG_e6fe2a7b15,AMP_MKTG_e6fe2a7b15,AMP_d6814239bf,AMP_e6fe2a7b15,AMP_e6fe2a7b15,CognitoIdentityServiceProvider.7cd3keuknr18mv2boiaesbgce3.LastAuthUser,CognitoIdentityServiceProvider.7cd3keuknr18mv2boiaesbgce3.{uuid}.accessToken,CognitoIdentityServiceProvider.7cd3keuknr18mv2boiaesbgce3.{uuid}.clockDrift,CognitoIdentityServiceProvider.7cd3keuknr18mv2boiaesbgce3.{uuid}.deviceGroupKey,CognitoIdentityServiceProvider.7cd3keuknr18mv2boiaesbgce3.{uuid}.deviceKey,CognitoIdentityServiceProvider.7cd3keuknr18mv2boiaesbgce3.{uuid}.idToken,CognitoIdentityServiceProvider.7cd3keuknr18mv2boiaesbgce3.{uuid}.randomPasswordKey,CognitoIdentityServiceProvider.7cd3keuknr18mv2boiaesbgce3.{uuid}.refreshToken,CognitoIdentityServiceProvider.7cd3keuknr18mv2boiaesbgce3.{uuid}.userData,__stripe_mid,__stripe_sid,_gcl_au,_rdt_em,_rdt_uuid,amplify-signin-with-hostedUI,intercom-device-id-p7a9jdob,intercom-session-p7a9jdob
025d4daa-211b-4319-89e1-a5690a24e474	PATCH	body	/api/v1/accounts/edd0edb9-7562-4c9f-a5cb-5c70d5996c08/details	suffix
85aec164-82fe-4ce5-b3f8-b2bc7a3f63b5	POST	path	/api/v1/accounts/{uuid}/account-recovery	
4a86c3fb-47b4-4c3d-85e1-5f6a699cf216	POST	cookie	/api/v1/accounts/{uuid}/account-recovery	AMP_MKTG_d6814239bf,AMP_MKTG_e6fe2a7b15,AMP_MKTG_e6fe2a7b15,AMP_d6814239bf,AMP_e6fe2a7b15,AMP_e6fe2a7b15,CognitoIdentityServiceProvider.7cd3keuknr18mv2boiaesbgce3.LastAuthUser,CognitoIdentityServiceProvider.7cd3keuknr18mv2boiaesbgce3.{uuid}.accessToken,CognitoIdentityServiceProvider.7cd3keuknr18mv2boiaesbgce3.{uuid}.clockDrift,CognitoIdentityServiceProvider.7cd3keuknr18mv2boiaesbgce3.{uuid}.deviceGroupKey,CognitoIdentityServiceProvider.7cd3keuknr18mv2boiaesbgce3.{uuid}.deviceKey,CognitoIdentityServiceProvider.7cd3keuknr18mv2boiaesbgce3.{uuid}.idToken,CognitoIdentityServiceProvider.7cd3keuknr18mv2boiaesbgce3.{uuid}.randomPasswordKey,CognitoIdentityServiceProvider.7cd3keuknr18mv2boiaesbgce3.{uuid}.refreshToken,CognitoIdentityServiceProvider.7cd3keuknr18mv2boiaesbgce3.{uuid}.userData,__stripe_mid,__stripe_sid,_gcl_au,_rdt_em,_rdt_uuid,amplify-signin-with-hostedUI,intercom-device-id-p7a9jdob,intercom-session-p7a9jdob
b7e343fe-cc2e-49b4-83ca-57ceb7b5743e	POST	header	/api/v1/accounts/{uuid}/account-recovery	authorization
34629530-a37f-4971-86a6-9f3dced18637	GET	header	/api/v1/accounts/{uuid}/capabilities	authorization
94b3049a-c2e4-43c9-9465-f5434ee7e3f7	GET	path	/api/v1/accounts/{uuid}/capabilities	
862c3add-adb3-4856-bc42-f8ce5c02e1dd	GET	cookie	/api/v1/accounts/{uuid}/capabilities	AMP_MKTG_d6814239bf,AMP_MKTG_e6fe2a7b15,AMP_MKTG_e6fe2a7b15,AMP_d6814239bf,AMP_e6fe2a7b15,AMP_e6fe2a7b15,CognitoIdentityServiceProvider.7cd3keuknr18mv2boiaesbgce3.LastAuthUser,CognitoIdentityServiceProvider.7cd3keuknr18mv2boiaesbgce3.{uuid}.accessToken,CognitoIdentityServiceProvider.7cd3keuknr18mv2boiaesbgce3.{uuid}.clockDrift,CognitoIdentityServiceProvider.7cd3keuknr18mv2boiaesbgce3.{uuid}.deviceGroupKey,CognitoIdentityServiceProvider.7cd3keuknr18mv2boiaesbgce3.{uuid}.deviceKey,CognitoIdentityServiceProvider.7cd3keuknr18mv2boiaesbgce3.{uuid}.idToken,CognitoIdentityServiceProvider.7cd3keuknr18mv2boiaesbgce3.{uuid}.randomPasswordKey,CognitoIdentityServiceProvider.7cd3keuknr18mv2boiaesbgce3.{uuid}.refreshToken,CognitoIdentityServiceProvider.7cd3keuknr18mv2boiaesbgce3.{uuid}.userData,__stripe_mid,__stripe_sid,_gcl_au,_rdt_em,_rdt_uuid,amplify-signin-with-hostedUI,intercom-device-id-p7a9jdob,intercom-session-p7a9jdob
50ef1e59-11a3-46c5-987d-4d5ff4c0ecaa	GET	cookie	/api/v1/accounts/{uuid}/details	AMP_MKTG_d6814239bf,AMP_MKTG_e6fe2a7b15,AMP_MKTG_e6fe2a7b15,AMP_d6814239bf,AMP_e6fe2a7b15,AMP_e6fe2a7b15,CognitoIdentityServiceProvider.7cd3keuknr18mv2boiaesbgce3.LastAuthUser,CognitoIdentityServiceProvider.7cd3keuknr18mv2boiaesbgce3.{uuid}.accessToken,CognitoIdentityServiceProvider.7cd3keuknr18mv2boiaesbgce3.{uuid}.clockDrift,CognitoIdentityServiceProvider.7cd3keuknr18mv2boiaesbgce3.{uuid}.deviceGroupKey,CognitoIdentityServiceProvider.7cd3keuknr18mv2boiaesbgce3.{uuid}.deviceKey,CognitoIdentityServiceProvider.7cd3keuknr18mv2boiaesbgce3.{uuid}.idToken,CognitoIdentityServiceProvider.7cd3keuknr18mv2boiaesbgce3.{uuid}.randomPasswordKey,CognitoIdentityServiceProvider.7cd3keuknr18mv2boiaesbgce3.{uuid}.refreshToken,CognitoIdentityServiceProvider.7cd3keuknr18mv2boiaesbgce3.{uuid}.userData,__stripe_mid,__stripe_sid,_gcl_au,_rdt_em,_rdt_uuid,amplify-signin-with-hostedUI,intercom-device-id-p7a9jdob,intercom-session-p7a9jdob
456edab4-a362-4318-8f20-50935201bb64	PATCH	header	/api/v1/accounts/{uuid}/details	authorization
6fb919ef-d39b-435d-8a10-416c2544827b	PATCH	body	/api/v1/accounts/{uuid}/details	annual_income_max,annual_income_min,funding_source,liquid_net_worth_max,liquid_net_worth_min,total_net_worth_max,total_net_worth_min
f542903f-810c-4eb2-b88c-0eb0d3b4a01f	PATCH	path	/api/v1/accounts/{uuid}/details	
0f74185f-f552-47b2-b81c-0ee272c3bc17	PATCH	cookie	/api/v1/accounts/{uuid}/details	AMP_MKTG_d6814239bf,AMP_MKTG_e6fe2a7b15,AMP_MKTG_e6fe2a7b15,AMP_d6814239bf,AMP_e6fe2a7b15,AMP_e6fe2a7b15,CognitoIdentityServiceProvider.7cd3keuknr18mv2boiaesbgce3.LastAuthUser,CognitoIdentityServiceProvider.7cd3keuknr18mv2boiaesbgce3.{uuid}.accessToken,CognitoIdentityServiceProvider.7cd3keuknr18mv2boiaesbgce3.{uuid}.clockDrift,CognitoIdentityServiceProvider.7cd3keuknr18mv2boiaesbgce3.{uuid}.deviceGroupKey,CognitoIdentityServiceProvider.7cd3keuknr18mv2boiaesbgce3.{uuid}.deviceKey,CognitoIdentityServiceProvider.7cd3keuknr18mv2boiaesbgce3.{uuid}.idToken,CognitoIdentityServiceProvider.7cd3keuknr18mv2boiaesbgce3.{uuid}.randomPasswordKey,CognitoIdentityServiceProvider.7cd3keuknr18mv2boiaesbgce3.{uuid}.refreshToken,CognitoIdentityServiceProvider.7cd3keuknr18mv2boiaesbgce3.{uuid}.userData,__stripe_mid,__stripe_sid,_gcl_au,_rdt_em,_rdt_uuid,amplify-signin-with-hostedUI,intercom-device-id-p7a9jdob,intercom-session-p7a9jdob
1d75c607-30b5-4353-be8d-941f3f25f0c8	GET	path	/api/v1/accounts/{uuid}/details	
2170bce2-dfc2-4169-ad3a-7ddd7166013c	GET	body	/api/v1/accounts/{uuid}/details	suffix
a2911dad-d717-4bda-bccd-021b13683292	GET	header	/api/v1/accounts/{uuid}/details	authorization
172d4ce3-f29f-467a-b3b0-ba2ea385562c	GET	cookie	/api/v1/accounts/{uuid}/oauth/clients	AMP_MKTG_d6814239bf,AMP_MKTG_e6fe2a7b15,AMP_MKTG_e6fe2a7b15,AMP_d6814239bf,AMP_e6fe2a7b15,AMP_e6fe2a7b15,CognitoIdentityServiceProvider.7cd3keuknr18mv2boiaesbgce3.LastAuthUser,CognitoIdentityServiceProvider.7cd3keuknr18mv2boiaesbgce3.{uuid}.accessToken,CognitoIdentityServiceProvider.7cd3keuknr18mv2boiaesbgce3.{uuid}.clockDrift,CognitoIdentityServiceProvider.7cd3keuknr18mv2boiaesbgce3.{uuid}.deviceGroupKey,CognitoIdentityServiceProvider.7cd3keuknr18mv2boiaesbgce3.{uuid}.deviceKey,CognitoIdentityServiceProvider.7cd3keuknr18mv2boiaesbgce3.{uuid}.idToken,CognitoIdentityServiceProvider.7cd3keuknr18mv2boiaesbgce3.{uuid}.randomPasswordKey,CognitoIdentityServiceProvider.7cd3keuknr18mv2boiaesbgce3.{uuid}.refreshToken,CognitoIdentityServiceProvider.7cd3keuknr18mv2boiaesbgce3.{uuid}.userData,__stripe_mid,__stripe_sid,_gcl_au,_rdt_em,_rdt_uuid,amplify-signin-with-hostedUI,intercom-device-id-p7a9jdob,intercom-session-p7a9jdob
64a71f4d-0775-4f72-ae6e-13e9eb9b99a6	GET	path	/api/v1/accounts/{uuid}/oauth/clients	
daeab876-536d-4c50-810f-bc74138c2dcc	GET	header	/api/v1/accounts/{uuid}/oauth/clients	authorization
2f8463f7-068e-428e-a0d8-6b14b7c07dac	GET	cookie	/api/v1/accounts/{uuid}/oauth/token	AMP_MKTG_d6814239bf,AMP_MKTG_e6fe2a7b15,AMP_MKTG_e6fe2a7b15,AMP_d6814239bf,AMP_e6fe2a7b15,AMP_e6fe2a7b15,CognitoIdentityServiceProvider.7cd3keuknr18mv2boiaesbgce3.LastAuthUser,CognitoIdentityServiceProvider.7cd3keuknr18mv2boiaesbgce3.{uuid}.accessToken,CognitoIdentityServiceProvider.7cd3keuknr18mv2boiaesbgce3.{uuid}.clockDrift,CognitoIdentityServiceProvider.7cd3keuknr18mv2boiaesbgce3.{uuid}.deviceGroupKey,CognitoIdentityServiceProvider.7cd3keuknr18mv2boiaesbgce3.{uuid}.deviceKey,CognitoIdentityServiceProvider.7cd3keuknr18mv2boiaesbgce3.{uuid}.idToken,CognitoIdentityServiceProvider.7cd3keuknr18mv2boiaesbgce3.{uuid}.randomPasswordKey,CognitoIdentityServiceProvider.7cd3keuknr18mv2boiaesbgce3.{uuid}.refreshToken,CognitoIdentityServiceProvider.7cd3keuknr18mv2boiaesbgce3.{uuid}.userData,__stripe_mid,__stripe_sid,_gcl_au,_rdt_em,_rdt_uuid,amplify-signin-with-hostedUI,intercom-device-id-p7a9jdob,intercom-session-p7a9jdob
a206c764-6eb4-4167-a8e5-7d0be54a99ab	GET	path	/api/v1/accounts/{uuid}/oauth/token	
3e747afc-1071-467d-993b-6b26da9a8f15	GET	header	/api/v1/accounts/{uuid}/oauth/token	authorization
ee24e62a-fb12-41d3-b3cf-44508d5a05f9	GET	cookie	/api/v1/accounts/{uuid}/owners	AMP_MKTG_d6814239bf,AMP_MKTG_e6fe2a7b15,AMP_MKTG_e6fe2a7b15,AMP_d6814239bf,AMP_e6fe2a7b15,AMP_e6fe2a7b15,CognitoIdentityServiceProvider.7cd3keuknr18mv2boiaesbgce3.LastAuthUser,CognitoIdentityServiceProvider.7cd3keuknr18mv2boiaesbgce3.{uuid}.accessToken,CognitoIdentityServiceProvider.7cd3keuknr18mv2boiaesbgce3.{uuid}.clockDrift,CognitoIdentityServiceProvider.7cd3keuknr18mv2boiaesbgce3.{uuid}.deviceGroupKey,CognitoIdentityServiceProvider.7cd3keuknr18mv2boiaesbgce3.{uuid}.deviceKey,CognitoIdentityServiceProvider.7cd3keuknr18mv2boiaesbgce3.{uuid}.idToken,CognitoIdentityServiceProvider.7cd3keuknr18mv2boiaesbgce3.{uuid}.randomPasswordKey,CognitoIdentityServiceProvider.7cd3keuknr18mv2boiaesbgce3.{uuid}.refreshToken,CognitoIdentityServiceProvider.7cd3keuknr18mv2boiaesbgce3.{uuid}.userData,__stripe_mid,__stripe_sid,_gcl_au,_rdt_em,_rdt_uuid,amplify-signin-with-hostedUI,intercom-device-id-p7a9jdob,intercom-session-p7a9jdob
f30c4a69-ffa4-4a4d-90b8-33f823ea51f5	GET	header	/api/v1/accounts/{uuid}/owners	authorization
0e4a0577-f7d7-4e0b-b58f-a49c1c54814e	GET	path	/api/v1/accounts/{uuid}/owners	
cef33f39-aca8-4fb0-ba1d-0f8b1ece1ddf	GET	header	/api/v1/accounts/{uuid}/trade_account/margin	authorization
e44e97fd-ab82-4c41-8011-b2f18c501a84	GET	path	/api/v1/accounts/{uuid}/trade_account/margin	
6de05d78-fefb-4e21-a7cb-b7c223d0a926	GET	cookie	/api/v1/accounts/{uuid}/trade_account/margin	AMP_MKTG_d6814239bf,AMP_MKTG_e6fe2a7b15,AMP_MKTG_e6fe2a7b15,AMP_d6814239bf,AMP_e6fe2a7b15,AMP_e6fe2a7b15,CognitoIdentityServiceProvider.7cd3keuknr18mv2boiaesbgce3.LastAuthUser,CognitoIdentityServiceProvider.7cd3keuknr18mv2boiaesbgce3.{uuid}.accessToken,CognitoIdentityServiceProvider.7cd3keuknr18mv2boiaesbgce3.{uuid}.clockDrift,CognitoIdentityServiceProvider.7cd3keuknr18mv2boiaesbgce3.{uuid}.deviceGroupKey,CognitoIdentityServiceProvider.7cd3keuknr18mv2boiaesbgce3.{uuid}.deviceKey,CognitoIdentityServiceProvider.7cd3keuknr18mv2boiaesbgce3.{uuid}.idToken,CognitoIdentityServiceProvider.7cd3keuknr18mv2boiaesbgce3.{uuid}.randomPasswordKey,CognitoIdentityServiceProvider.7cd3keuknr18mv2boiaesbgce3.{uuid}.refreshToken,CognitoIdentityServiceProvider.7cd3keuknr18mv2boiaesbgce3.{uuid}.userData,__stripe_mid,__stripe_sid,_gcl_au,_rdt_em,_rdt_uuid,amplify-signin-with-hostedUI,intercom-device-id-p7a9jdob,intercom-session-p7a9jdob
c500ac41-2a4e-40b1-9174-5988d2d1f508	GET	cookie	/api/v1/accounts/{uuid}/trusted_contact	AMP_MKTG_d6814239bf,AMP_MKTG_e6fe2a7b15,AMP_MKTG_e6fe2a7b15,AMP_d6814239bf,AMP_e6fe2a7b15,AMP_e6fe2a7b15,CognitoIdentityServiceProvider.7cd3keuknr18mv2boiaesbgce3.LastAuthUser,CognitoIdentityServiceProvider.7cd3keuknr18mv2boiaesbgce3.{uuid}.accessToken,CognitoIdentityServiceProvider.7cd3keuknr18mv2boiaesbgce3.{uuid}.clockDrift,CognitoIdentityServiceProvider.7cd3keuknr18mv2boiaesbgce3.{uuid}.deviceGroupKey,CognitoIdentityServiceProvider.7cd3keuknr18mv2boiaesbgce3.{uuid}.deviceKey,CognitoIdentityServiceProvider.7cd3keuknr18mv2boiaesbgce3.{uuid}.idToken,CognitoIdentityServiceProvider.7cd3keuknr18mv2boiaesbgce3.{uuid}.randomPasswordKey,CognitoIdentityServiceProvider.7cd3keuknr18mv2boiaesbgce3.{uuid}.refreshToken,CognitoIdentityServiceProvider.7cd3keuknr18mv2boiaesbgce3.{uuid}.userData,__stripe_mid,__stripe_sid,_gcl_au,_rdt_em,_rdt_uuid,amplify-signin-with-hostedUI,intercom-device-id-p7a9jdob,intercom-session-p7a9jdob
e93276bc-dae1-4aee-a431-4b85099b3eca	GET	path	/api/v1/accounts/{uuid}/trusted_contact	
df883a46-4d17-493a-b454-9baaf96bed59	GET	header	/api/v1/accounts/{uuid}/trusted_contact	authorization
1fe3d82d-53ce-48be-9642-d60661653b11	POST	cookie	/api/v1/accounts/{uuid}/watchlists	AMP_MKTG_d6814239bf,AMP_MKTG_e6fe2a7b15,AMP_MKTG_e6fe2a7b15,AMP_d6814239bf,AMP_e6fe2a7b15,AMP_e6fe2a7b15,CognitoIdentityServiceProvider.7cd3keuknr18mv2boiaesbgce3.LastAuthUser,CognitoIdentityServiceProvider.7cd3keuknr18mv2boiaesbgce3.{uuid}.accessToken,CognitoIdentityServiceProvider.7cd3keuknr18mv2boiaesbgce3.{uuid}.clockDrift,CognitoIdentityServiceProvider.7cd3keuknr18mv2boiaesbgce3.{uuid}.deviceGroupKey,CognitoIdentityServiceProvider.7cd3keuknr18mv2boiaesbgce3.{uuid}.deviceKey,CognitoIdentityServiceProvider.7cd3keuknr18mv2boiaesbgce3.{uuid}.idToken,CognitoIdentityServiceProvider.7cd3keuknr18mv2boiaesbgce3.{uuid}.randomPasswordKey,CognitoIdentityServiceProvider.7cd3keuknr18mv2boiaesbgce3.{uuid}.refreshToken,CognitoIdentityServiceProvider.7cd3keuknr18mv2boiaesbgce3.{uuid}.userData,__stripe_mid,__stripe_sid,_gcl_au,_rdt_em,_rdt_uuid,amplify-signin-with-hostedUI,intercom-device-id-p7a9jdob,intercom-session-p7a9jdob
27730a71-dca8-4be0-a09c-c94ea23fd4e0	GET	cookie	/api/v1/accounts/{uuid}/watchlists	AMP_MKTG_d6814239bf,AMP_MKTG_e6fe2a7b15,AMP_MKTG_e6fe2a7b15,AMP_d6814239bf,AMP_e6fe2a7b15,AMP_e6fe2a7b15,CognitoIdentityServiceProvider.7cd3keuknr18mv2boiaesbgce3.LastAuthUser,CognitoIdentityServiceProvider.7cd3keuknr18mv2boiaesbgce3.{uuid}.accessToken,CognitoIdentityServiceProvider.7cd3keuknr18mv2boiaesbgce3.{uuid}.clockDrift,CognitoIdentityServiceProvider.7cd3keuknr18mv2boiaesbgce3.{uuid}.deviceGroupKey,CognitoIdentityServiceProvider.7cd3keuknr18mv2boiaesbgce3.{uuid}.deviceKey,CognitoIdentityServiceProvider.7cd3keuknr18mv2boiaesbgce3.{uuid}.idToken,CognitoIdentityServiceProvider.7cd3keuknr18mv2boiaesbgce3.{uuid}.randomPasswordKey,CognitoIdentityServiceProvider.7cd3keuknr18mv2boiaesbgce3.{uuid}.refreshToken,CognitoIdentityServiceProvider.7cd3keuknr18mv2boiaesbgce3.{uuid}.userData,__stripe_mid,__stripe_sid,_gcl_au,_rdt_em,_rdt_uuid,amplify-signin-with-hostedUI,intercom-device-id-p7a9jdob,intercom-session-p7a9jdob
82b9e317-f686-4b87-bff9-5ab8754d4b79	POST	path	/api/v1/accounts/{uuid}/watchlists	
feb1a4d4-1712-4517-b66e-761ac865d828	GET	header	/api/v1/accounts/{uuid}/watchlists	authorization
ab2ed2cd-812f-462b-a812-9a900f67d89e	POST	header	/api/v1/accounts/{uuid}/watchlists	authorization
2e514c48-56b9-4569-92df-bdce0e3670ac	GET	path	/api/v1/accounts/{uuid}/watchlists	
aa954d4d-a131-4558-a364-49d2e84c72ed	POST	body	/api/v1/accounts/{uuid}/watchlists	name,symbols
6fce1614-a063-43ab-bbf7-757289504faa	GET	cookie	/api/v1/accounts/{uuid}/watchlists:by_name	AMP_MKTG_d6814239bf,AMP_MKTG_e6fe2a7b15,AMP_MKTG_e6fe2a7b15,AMP_d6814239bf,AMP_e6fe2a7b15,AMP_e6fe2a7b15,CognitoIdentityServiceProvider.7cd3keuknr18mv2boiaesbgce3.LastAuthUser,CognitoIdentityServiceProvider.7cd3keuknr18mv2boiaesbgce3.{uuid}.accessToken,CognitoIdentityServiceProvider.7cd3keuknr18mv2boiaesbgce3.{uuid}.clockDrift,CognitoIdentityServiceProvider.7cd3keuknr18mv2boiaesbgce3.{uuid}.deviceGroupKey,CognitoIdentityServiceProvider.7cd3keuknr18mv2boiaesbgce3.{uuid}.deviceKey,CognitoIdentityServiceProvider.7cd3keuknr18mv2boiaesbgce3.{uuid}.idToken,CognitoIdentityServiceProvider.7cd3keuknr18mv2boiaesbgce3.{uuid}.randomPasswordKey,CognitoIdentityServiceProvider.7cd3keuknr18mv2boiaesbgce3.{uuid}.refreshToken,CognitoIdentityServiceProvider.7cd3keuknr18mv2boiaesbgce3.{uuid}.userData,__stripe_mid,__stripe_sid,_gcl_au,_rdt_em,_rdt_uuid,amplify-signin-with-hostedUI,intercom-device-id-p7a9jdob,intercom-session-p7a9jdob
4a8f612d-1f5d-466f-8c3d-83cde3a574f7	GET	header	/api/v1/accounts/{uuid}/watchlists:by_name	authorization
3be3da88-6520-4db3-b102-c0ae6e219646	GET	query	/api/v1/accounts/{uuid}/watchlists:by_name	name
323c35d5-29be-4535-b9db-5199e6360458	GET	path	/api/v1/accounts/{uuid}/watchlists:by_name	
b2a9441a-d521-458e-b693-db7170b2ea07	GET	path	/api/v1/allowed-countries	
04dba4a3-bbae-47c8-adaa-2d69ed858720	GET	cookie	/api/v1/allowed-countries	AMP_MKTG_d6814239bf,AMP_MKTG_e6fe2a7b15,AMP_TLDTEST_632b8750,AMP_d6814239bf,AMP_e6fe2a7b15,AMP_e6fe2a7b15,__stripe_mid,__stripe_sid,_gcl_au,_rdt_uuid
23e52f93-51b0-4237-8cd8-24c27240de8d	GET	cookie	/api/v1/allowed-countries	AMP_MKTG_d6814239bf,AMP_MKTG_e6fe2a7b15,AMP_MKTG_e6fe2a7b15,AMP_TLDTEST_9f4da12c,AMP_d6814239bf,AMP_e6fe2a7b15,AMP_e6fe2a7b15,__stripe_mid,__stripe_sid,_gcl_au,_rdt_em,_rdt_uuid
fb7632d8-ea25-481d-8d6a-591b7391df0b	GET	cookie	/api/v1/allowed-countries	AMP_MKTG_d6814239bf,AMP_MKTG_e6fe2a7b15,AMP_MKTG_e6fe2a7b15,AMP_d6814239bf,AMP_e6fe2a7b15,AMP_e6fe2a7b15,CognitoIdentityServiceProvider.7cd3keuknr18mv2boiaesbgce3.LastAuthUser,CognitoIdentityServiceProvider.7cd3keuknr18mv2boiaesbgce3.{uuid}.accessToken,CognitoIdentityServiceProvider.7cd3keuknr18mv2boiaesbgce3.{uuid}.clockDrift,CognitoIdentityServiceProvider.7cd3keuknr18mv2boiaesbgce3.{uuid}.deviceGroupKey,CognitoIdentityServiceProvider.7cd3keuknr18mv2boiaesbgce3.{uuid}.deviceKey,CognitoIdentityServiceProvider.7cd3keuknr18mv2boiaesbgce3.{uuid}.idToken,CognitoIdentityServiceProvider.7cd3keuknr18mv2boiaesbgce3.{uuid}.randomPasswordKey,CognitoIdentityServiceProvider.7cd3keuknr18mv2boiaesbgce3.{uuid}.refreshToken,CognitoIdentityServiceProvider.7cd3keuknr18mv2boiaesbgce3.{uuid}.userData,__stripe_mid,__stripe_sid,_gcl_au,_rdt_em,_rdt_uuid,amplify-signin-with-hostedUI,intercom-device-id-p7a9jdob,intercom-session-p7a9jdob
e1f38db4-7b38-413a-93b5-9582e978149a	GET	header	/api/v1/allowed-countries	authorization
4dc4dcd3-f258-4434-97d4-3c25f1512aeb	GET	path	/api/v1/assets	
7f1018c7-d5d8-4652-a6a0-e237d1aa3006	GET	cookie	/api/v1/assets/AAPL	AMP_MKTG_d6814239bf,AMP_MKTG_e6fe2a7b15,AMP_MKTG_e6fe2a7b15,AMP_d6814239bf,AMP_e6fe2a7b15,AMP_e6fe2a7b15,CognitoIdentityServiceProvider.7cd3keuknr18mv2boiaesbgce3.LastAuthUser,CognitoIdentityServiceProvider.7cd3keuknr18mv2boiaesbgce3.{uuid}.accessToken,CognitoIdentityServiceProvider.7cd3keuknr18mv2boiaesbgce3.{uuid}.clockDrift,CognitoIdentityServiceProvider.7cd3keuknr18mv2boiaesbgce3.{uuid}.deviceGroupKey,CognitoIdentityServiceProvider.7cd3keuknr18mv2boiaesbgce3.{uuid}.deviceKey,CognitoIdentityServiceProvider.7cd3keuknr18mv2boiaesbgce3.{uuid}.idToken,CognitoIdentityServiceProvider.7cd3keuknr18mv2boiaesbgce3.{uuid}.randomPasswordKey,CognitoIdentityServiceProvider.7cd3keuknr18mv2boiaesbgce3.{uuid}.refreshToken,CognitoIdentityServiceProvider.7cd3keuknr18mv2boiaesbgce3.{uuid}.userData,__stripe_mid,__stripe_sid,_gcl_au,_rdt_em,_rdt_uuid,amplify-signin-with-hostedUI,intercom-device-id-p7a9jdob,intercom-session-p7a9jdob
e92d1f40-0292-4f4c-ba8c-7bd9ec949d43	GET	header	/api/v1/assets/AAPL	authorization
347af66c-a9a5-4c9b-9ccb-755b86f7b410	GET	query	/api/v1/assets/search	limit,offset,query,status
aea3cc02-847e-468a-921d-b056f02ccac2	GET	query	/api/v1/assets/search	exchange,limit,offset,query,status
fab205e6-1bad-400e-8a4b-1de3dde62f56	GET	cookie	/api/v1/assets/search	AMP_MKTG_d6814239bf,AMP_MKTG_e6fe2a7b15,AMP_MKTG_e6fe2a7b15,AMP_d6814239bf,AMP_e6fe2a7b15,AMP_e6fe2a7b15,CognitoIdentityServiceProvider.7cd3keuknr18mv2boiaesbgce3.LastAuthUser,CognitoIdentityServiceProvider.7cd3keuknr18mv2boiaesbgce3.{uuid}.accessToken,CognitoIdentityServiceProvider.7cd3keuknr18mv2boiaesbgce3.{uuid}.clockDrift,CognitoIdentityServiceProvider.7cd3keuknr18mv2boiaesbgce3.{uuid}.deviceGroupKey,CognitoIdentityServiceProvider.7cd3keuknr18mv2boiaesbgce3.{uuid}.deviceKey,CognitoIdentityServiceProvider.7cd3keuknr18mv2boiaesbgce3.{uuid}.idToken,CognitoIdentityServiceProvider.7cd3keuknr18mv2boiaesbgce3.{uuid}.randomPasswordKey,CognitoIdentityServiceProvider.7cd3keuknr18mv2boiaesbgce3.{uuid}.refreshToken,CognitoIdentityServiceProvider.7cd3keuknr18mv2boiaesbgce3.{uuid}.userData,__stripe_mid,__stripe_sid,_gcl_au,_rdt_em,_rdt_uuid,amplify-signin-with-hostedUI,intercom-device-id-p7a9jdob,intercom-session-p7a9jdob
867d9e58-dde7-4954-82e7-3bd09fe8131c	GET	query	/api/v1/assets/search	exchange,limit,offset,status
97ced3cb-67ad-43eb-a805-d9c89cb02200	GET	header	/api/v1/assets/search	authorization
a34a48d1-1513-446e-9af3-45854cd51e66	GET	cookie	/api/v1/billing/overview	AMP_MKTG_d6814239bf,AMP_MKTG_e6fe2a7b15,AMP_MKTG_e6fe2a7b15,AMP_d6814239bf,AMP_e6fe2a7b15,AMP_e6fe2a7b15,CognitoIdentityServiceProvider.7cd3keuknr18mv2boiaesbgce3.LastAuthUser,CognitoIdentityServiceProvider.7cd3keuknr18mv2boiaesbgce3.{uuid}.accessToken,CognitoIdentityServiceProvider.7cd3keuknr18mv2boiaesbgce3.{uuid}.clockDrift,CognitoIdentityServiceProvider.7cd3keuknr18mv2boiaesbgce3.{uuid}.deviceGroupKey,CognitoIdentityServiceProvider.7cd3keuknr18mv2boiaesbgce3.{uuid}.deviceKey,CognitoIdentityServiceProvider.7cd3keuknr18mv2boiaesbgce3.{uuid}.idToken,CognitoIdentityServiceProvider.7cd3keuknr18mv2boiaesbgce3.{uuid}.randomPasswordKey,CognitoIdentityServiceProvider.7cd3keuknr18mv2boiaesbgce3.{uuid}.refreshToken,CognitoIdentityServiceProvider.7cd3keuknr18mv2boiaesbgce3.{uuid}.userData,__stripe_mid,__stripe_sid,_gcl_au,_rdt_em,_rdt_uuid,amplify-signin-with-hostedUI,intercom-device-id-p7a9jdob,intercom-session-p7a9jdob
cd40e41e-7a8c-43aa-a9b7-fa395f0888c9	GET	header	/api/v1/billing/overview	authorization
2266670e-7bb9-4491-8847-8945cf8d60c4	GET	header	/api/v1/billing/plans	authorization
77622811-280e-4628-97c1-1ffad438b13c	GET	cookie	/api/v1/billing/plans	AMP_MKTG_d6814239bf,AMP_MKTG_e6fe2a7b15,AMP_MKTG_e6fe2a7b15,AMP_d6814239bf,AMP_e6fe2a7b15,AMP_e6fe2a7b15,CognitoIdentityServiceProvider.7cd3keuknr18mv2boiaesbgce3.LastAuthUser,CognitoIdentityServiceProvider.7cd3keuknr18mv2boiaesbgce3.{uuid}.accessToken,CognitoIdentityServiceProvider.7cd3keuknr18mv2boiaesbgce3.{uuid}.clockDrift,CognitoIdentityServiceProvider.7cd3keuknr18mv2boiaesbgce3.{uuid}.deviceGroupKey,CognitoIdentityServiceProvider.7cd3keuknr18mv2boiaesbgce3.{uuid}.deviceKey,CognitoIdentityServiceProvider.7cd3keuknr18mv2boiaesbgce3.{uuid}.idToken,CognitoIdentityServiceProvider.7cd3keuknr18mv2boiaesbgce3.{uuid}.randomPasswordKey,CognitoIdentityServiceProvider.7cd3keuknr18mv2boiaesbgce3.{uuid}.refreshToken,CognitoIdentityServiceProvider.7cd3keuknr18mv2boiaesbgce3.{uuid}.userData,__stripe_mid,__stripe_sid,_gcl_au,_rdt_em,_rdt_uuid,amplify-signin-with-hostedUI,intercom-device-id-p7a9jdob,intercom-session-p7a9jdob
346c775b-ebcb-4ef5-bdfc-9930914a9853	GET	path	/api/v1/country-infos	
87ee1733-81b6-4f82-a11a-7f3abda4f2f6	GET	cookie	/api/v1/country-infos	AMP_MKTG_d6814239bf,AMP_MKTG_e6fe2a7b15,AMP_MKTG_e6fe2a7b15,AMP_d6814239bf,AMP_e6fe2a7b15,AMP_e6fe2a7b15,CognitoIdentityServiceProvider.7cd3keuknr18mv2boiaesbgce3.LastAuthUser,CognitoIdentityServiceProvider.7cd3keuknr18mv2boiaesbgce3.{uuid}.accessToken,CognitoIdentityServiceProvider.7cd3keuknr18mv2boiaesbgce3.{uuid}.clockDrift,CognitoIdentityServiceProvider.7cd3keuknr18mv2boiaesbgce3.{uuid}.deviceGroupKey,CognitoIdentityServiceProvider.7cd3keuknr18mv2boiaesbgce3.{uuid}.deviceKey,CognitoIdentityServiceProvider.7cd3keuknr18mv2boiaesbgce3.{uuid}.idToken,CognitoIdentityServiceProvider.7cd3keuknr18mv2boiaesbgce3.{uuid}.randomPasswordKey,CognitoIdentityServiceProvider.7cd3keuknr18mv2boiaesbgce3.{uuid}.refreshToken,CognitoIdentityServiceProvider.7cd3keuknr18mv2boiaesbgce3.{uuid}.userData,__stripe_mid,__stripe_sid,_gcl_au,_rdt_em,_rdt_uuid,amplify-signin-with-hostedUI,intercom-device-id-p7a9jdob,intercom-session-p7a9jdob
17e8026e-0a10-43d7-8199-c03296cd9a43	GET	header	/api/v1/country-infos	authorization
780fa2c4-aa4b-46bf-9e5c-01a04f97612c	GET	header	/api/v1/documents/accounts/{uuid}/requests	authorization
7190dfd5-3bb4-4c81-9964-3ff546535c67	GET	cookie	/api/v1/documents/accounts/{uuid}/requests	AMP_MKTG_d6814239bf,AMP_MKTG_e6fe2a7b15,AMP_MKTG_e6fe2a7b15,AMP_d6814239bf,AMP_e6fe2a7b15,AMP_e6fe2a7b15,CognitoIdentityServiceProvider.7cd3keuknr18mv2boiaesbgce3.LastAuthUser,CognitoIdentityServiceProvider.7cd3keuknr18mv2boiaesbgce3.{uuid}.accessToken,CognitoIdentityServiceProvider.7cd3keuknr18mv2boiaesbgce3.{uuid}.clockDrift,CognitoIdentityServiceProvider.7cd3keuknr18mv2boiaesbgce3.{uuid}.deviceGroupKey,CognitoIdentityServiceProvider.7cd3keuknr18mv2boiaesbgce3.{uuid}.deviceKey,CognitoIdentityServiceProvider.7cd3keuknr18mv2boiaesbgce3.{uuid}.idToken,CognitoIdentityServiceProvider.7cd3keuknr18mv2boiaesbgce3.{uuid}.randomPasswordKey,CognitoIdentityServiceProvider.7cd3keuknr18mv2boiaesbgce3.{uuid}.refreshToken,CognitoIdentityServiceProvider.7cd3keuknr18mv2boiaesbgce3.{uuid}.userData,__stripe_mid,__stripe_sid,_gcl_au,_rdt_em,_rdt_uuid,amplify-signin-with-hostedUI,intercom-device-id-p7a9jdob,intercom-session-p7a9jdob
c9cc4c6d-6fcb-4b8b-b1d2-47b11cbdbce8	GET	path	/api/v1/documents/accounts/{uuid}/requests	
d3120b44-09aa-4438-8c0e-2e404b2cf84b	GET	query	/api/v1/echo	message
637ca181-3219-4508-bb47-44e67a0cee7e	GET	path	/api/v1/echo	
02a5abc0-40c8-4aaf-b5d5-551b1b24e65f	GET	query	/api/v1/markets/NMS/status	_t
5b878820-f64a-44fc-8191-bba3c8a27ec3	GET	header	/api/v1/markets/NMS/status	authorization
b972fc8f-7934-4b25-84c8-0791fa45d154	GET	cookie	/api/v1/markets/NMS/status	AMP_MKTG_d6814239bf,AMP_MKTG_e6fe2a7b15,AMP_MKTG_e6fe2a7b15,AMP_d6814239bf,AMP_e6fe2a7b15,AMP_e6fe2a7b15,CognitoIdentityServiceProvider.7cd3keuknr18mv2boiaesbgce3.LastAuthUser,CognitoIdentityServiceProvider.7cd3keuknr18mv2boiaesbgce3.{uuid}.accessToken,CognitoIdentityServiceProvider.7cd3keuknr18mv2boiaesbgce3.{uuid}.clockDrift,CognitoIdentityServiceProvider.7cd3keuknr18mv2boiaesbgce3.{uuid}.deviceGroupKey,CognitoIdentityServiceProvider.7cd3keuknr18mv2boiaesbgce3.{uuid}.deviceKey,CognitoIdentityServiceProvider.7cd3keuknr18mv2boiaesbgce3.{uuid}.idToken,CognitoIdentityServiceProvider.7cd3keuknr18mv2boiaesbgce3.{uuid}.randomPasswordKey,CognitoIdentityServiceProvider.7cd3keuknr18mv2boiaesbgce3.{uuid}.refreshToken,CognitoIdentityServiceProvider.7cd3keuknr18mv2boiaesbgce3.{uuid}.userData,__stripe_mid,__stripe_sid,_gcl_au,_rdt_em,_rdt_uuid,amplify-signin-with-hostedUI,intercom-device-id-p7a9jdob,intercom-session-p7a9jdob
3c46f26d-a87b-468e-9b4b-6eb6b7fcf5df	POST	header	/api/v1/oauth/client	authorization
64f1e168-01c6-40fe-b1d8-3f74a0427277	POST	cookie	/api/v1/oauth/client	AMP_MKTG_d6814239bf,AMP_MKTG_e6fe2a7b15,AMP_MKTG_e6fe2a7b15,AMP_d6814239bf,AMP_e6fe2a7b15,AMP_e6fe2a7b15,CognitoIdentityServiceProvider.7cd3keuknr18mv2boiaesbgce3.LastAuthUser,CognitoIdentityServiceProvider.7cd3keuknr18mv2boiaesbgce3.{uuid}.accessToken,CognitoIdentityServiceProvider.7cd3keuknr18mv2boiaesbgce3.{uuid}.clockDrift,CognitoIdentityServiceProvider.7cd3keuknr18mv2boiaesbgce3.{uuid}.deviceGroupKey,CognitoIdentityServiceProvider.7cd3keuknr18mv2boiaesbgce3.{uuid}.deviceKey,CognitoIdentityServiceProvider.7cd3keuknr18mv2boiaesbgce3.{uuid}.idToken,CognitoIdentityServiceProvider.7cd3keuknr18mv2boiaesbgce3.{uuid}.randomPasswordKey,CognitoIdentityServiceProvider.7cd3keuknr18mv2boiaesbgce3.{uuid}.refreshToken,CognitoIdentityServiceProvider.7cd3keuknr18mv2boiaesbgce3.{uuid}.userData,__stripe_mid,__stripe_sid,_gcl_au,_rdt_em,_rdt_uuid,amplify-signin-with-hostedUI,intercom-device-id-p7a9jdob,intercom-session-p7a9jdob
12303d54-901c-44d6-aeb1-d91256749de4	POST	body	/api/v1/oauth/client	client_id,redirect_uri,response_type,scope,state
49267ec3-8168-4607-8278-e8b81fd57fe8	POST	cookie	/api/v1/oauth/clients	AMP_MKTG_d6814239bf,AMP_MKTG_e6fe2a7b15,AMP_MKTG_e6fe2a7b15,AMP_d6814239bf,AMP_e6fe2a7b15,AMP_e6fe2a7b15,CognitoIdentityServiceProvider.7cd3keuknr18mv2boiaesbgce3.LastAuthUser,CognitoIdentityServiceProvider.7cd3keuknr18mv2boiaesbgce3.{uuid}.accessToken,CognitoIdentityServiceProvider.7cd3keuknr18mv2boiaesbgce3.{uuid}.clockDrift,CognitoIdentityServiceProvider.7cd3keuknr18mv2boiaesbgce3.{uuid}.deviceGroupKey,CognitoIdentityServiceProvider.7cd3keuknr18mv2boiaesbgce3.{uuid}.deviceKey,CognitoIdentityServiceProvider.7cd3keuknr18mv2boiaesbgce3.{uuid}.idToken,CognitoIdentityServiceProvider.7cd3keuknr18mv2boiaesbgce3.{uuid}.randomPasswordKey,CognitoIdentityServiceProvider.7cd3keuknr18mv2boiaesbgce3.{uuid}.refreshToken,CognitoIdentityServiceProvider.7cd3keuknr18mv2boiaesbgce3.{uuid}.userData,__stripe_mid,__stripe_sid,_gcl_au,_rdt_em,_rdt_uuid,amplify-signin-with-hostedUI,intercom-device-id-p7a9jdob,intercom-session-p7a9jdob
14ebdefd-00c8-4c6b-b4c1-23946b3ff614	POST	header	/api/v1/oauth/clients	authorization
b87d06ad-587e-439b-95ec-00c027ebdfe6	POST	body	/api/v1/oauth/clients	categories,description,logo,name,privacy_policy,redirect_uri,screenshots,status,terms_of_use,url
041b90db-92e2-43f8-b7e1-60633acdc816	PUT	cookie	/api/v1/oauth/clients/{token}	AMP_MKTG_d6814239bf,AMP_MKTG_e6fe2a7b15,AMP_MKTG_e6fe2a7b15,AMP_d6814239bf,AMP_e6fe2a7b15,AMP_e6fe2a7b15,CognitoIdentityServiceProvider.7cd3keuknr18mv2boiaesbgce3.LastAuthUser,CognitoIdentityServiceProvider.7cd3keuknr18mv2boiaesbgce3.{uuid}.accessToken,CognitoIdentityServiceProvider.7cd3keuknr18mv2boiaesbgce3.{uuid}.clockDrift,CognitoIdentityServiceProvider.7cd3keuknr18mv2boiaesbgce3.{uuid}.deviceGroupKey,CognitoIdentityServiceProvider.7cd3keuknr18mv2boiaesbgce3.{uuid}.deviceKey,CognitoIdentityServiceProvider.7cd3keuknr18mv2boiaesbgce3.{uuid}.idToken,CognitoIdentityServiceProvider.7cd3keuknr18mv2boiaesbgce3.{uuid}.randomPasswordKey,CognitoIdentityServiceProvider.7cd3keuknr18mv2boiaesbgce3.{uuid}.refreshToken,CognitoIdentityServiceProvider.7cd3keuknr18mv2boiaesbgce3.{uuid}.userData,__stripe_mid,__stripe_sid,_gcl_au,_rdt_em,_rdt_uuid,amplify-signin-with-hostedUI,intercom-device-id-p7a9jdob,intercom-session-p7a9jdob
69853235-79a0-43ce-af49-0154dbc6776b	PUT	path	/api/v1/oauth/clients/{token}	
b553c0e2-8adb-4a52-98be-dde44f126369	PUT	body	/api/v1/oauth/clients/{token}	categories,description,logo,name,privacy_policy,redirect_uri,screenshots,status,terms_of_use,url
4a37b53c-de1d-43ee-a954-2ec877069ea3	PUT	header	/api/v1/oauth/clients/{token}	authorization
6adc65bb-4c6e-406f-ac1e-cfd9c8c38f17	GET	cookie	/api/v1/oauth/clients/{token}/secret	AMP_MKTG_d6814239bf,AMP_MKTG_e6fe2a7b15,AMP_MKTG_e6fe2a7b15,AMP_d6814239bf,AMP_e6fe2a7b15,AMP_e6fe2a7b15,CognitoIdentityServiceProvider.7cd3keuknr18mv2boiaesbgce3.LastAuthUser,CognitoIdentityServiceProvider.7cd3keuknr18mv2boiaesbgce3.{uuid}.accessToken,CognitoIdentityServiceProvider.7cd3keuknr18mv2boiaesbgce3.{uuid}.clockDrift,CognitoIdentityServiceProvider.7cd3keuknr18mv2boiaesbgce3.{uuid}.deviceGroupKey,CognitoIdentityServiceProvider.7cd3keuknr18mv2boiaesbgce3.{uuid}.deviceKey,CognitoIdentityServiceProvider.7cd3keuknr18mv2boiaesbgce3.{uuid}.idToken,CognitoIdentityServiceProvider.7cd3keuknr18mv2boiaesbgce3.{uuid}.randomPasswordKey,CognitoIdentityServiceProvider.7cd3keuknr18mv2boiaesbgce3.{uuid}.refreshToken,CognitoIdentityServiceProvider.7cd3keuknr18mv2boiaesbgce3.{uuid}.userData,__stripe_mid,__stripe_sid,_gcl_au,_rdt_em,_rdt_uuid,amplify-signin-with-hostedUI,intercom-device-id-p7a9jdob,intercom-session-p7a9jdob
abda77ef-55dc-4abe-aadd-51a06435f629	GET	path	/api/v1/oauth/clients/{token}/secret	
ae126bce-f1fe-4aae-995b-bcdea9da05e2	GET	header	/api/v1/oauth/clients/{token}/secret	authorization
6bae47ad-193a-43af-b41f-ce82833a0234	GET	query	/api/v1/oauth/connect/clients	featured
2b6ea1d7-f704-4ac1-9b24-bbcb9719c902	GET	cookie	/api/v1/oauth/connect/clients	AMP_MKTG_d6814239bf,AMP_MKTG_e6fe2a7b15,AMP_MKTG_e6fe2a7b15,AMP_d6814239bf,AMP_e6fe2a7b15,AMP_e6fe2a7b15,CognitoIdentityServiceProvider.7cd3keuknr18mv2boiaesbgce3.LastAuthUser,CognitoIdentityServiceProvider.7cd3keuknr18mv2boiaesbgce3.{uuid}.accessToken,CognitoIdentityServiceProvider.7cd3keuknr18mv2boiaesbgce3.{uuid}.clockDrift,CognitoIdentityServiceProvider.7cd3keuknr18mv2boiaesbgce3.{uuid}.deviceGroupKey,CognitoIdentityServiceProvider.7cd3keuknr18mv2boiaesbgce3.{uuid}.deviceKey,CognitoIdentityServiceProvider.7cd3keuknr18mv2boiaesbgce3.{uuid}.idToken,CognitoIdentityServiceProvider.7cd3keuknr18mv2boiaesbgce3.{uuid}.randomPasswordKey,CognitoIdentityServiceProvider.7cd3keuknr18mv2boiaesbgce3.{uuid}.refreshToken,CognitoIdentityServiceProvider.7cd3keuknr18mv2boiaesbgce3.{uuid}.userData,__stripe_mid,__stripe_sid,_gcl_au,_rdt_em,_rdt_uuid,amplify-signin-with-hostedUI,intercom-device-id-p7a9jdob,intercom-session-p7a9jdob
42f34a5a-08d0-46b2-a292-965741739d66	GET	header	/api/v1/oauth/connect/clients	authorization
67ab99d8-d2a3-4cbc-9a38-c0715fb24c3c	GET	query	/api/v1/oauth/connect/clients	public
c64b1dfa-1fd2-4a67-b4ce-98b998ac9c58	GET	query	/api/v1/oauth/connect/clients	featured,public
29346d87-d066-4786-80aa-4978e7913a1e	GET	header	/api/v1/oauth/connect/clients/{token}	authorization
2884efe6-e86e-4c94-b723-75dacc7fe81d	GET	cookie	/api/v1/oauth/connect/clients/{token}	AMP_MKTG_d6814239bf,AMP_MKTG_e6fe2a7b15,AMP_MKTG_e6fe2a7b15,AMP_d6814239bf,AMP_e6fe2a7b15,AMP_e6fe2a7b15,CognitoIdentityServiceProvider.7cd3keuknr18mv2boiaesbgce3.LastAuthUser,CognitoIdentityServiceProvider.7cd3keuknr18mv2boiaesbgce3.{uuid}.accessToken,CognitoIdentityServiceProvider.7cd3keuknr18mv2boiaesbgce3.{uuid}.clockDrift,CognitoIdentityServiceProvider.7cd3keuknr18mv2boiaesbgce3.{uuid}.deviceGroupKey,CognitoIdentityServiceProvider.7cd3keuknr18mv2boiaesbgce3.{uuid}.deviceKey,CognitoIdentityServiceProvider.7cd3keuknr18mv2boiaesbgce3.{uuid}.idToken,CognitoIdentityServiceProvider.7cd3keuknr18mv2boiaesbgce3.{uuid}.randomPasswordKey,CognitoIdentityServiceProvider.7cd3keuknr18mv2boiaesbgce3.{uuid}.refreshToken,CognitoIdentityServiceProvider.7cd3keuknr18mv2boiaesbgce3.{uuid}.userData,__stripe_mid,__stripe_sid,_gcl_au,_rdt_em,_rdt_uuid,amplify-signin-with-hostedUI,intercom-device-id-p7a9jdob,intercom-session-p7a9jdob
87776028-9efd-48e6-a153-93f267545cce	GET	path	/api/v1/oauth/connect/clients/{token}	
4065c506-f05b-4f5c-a809-0a58639bcbed	GET	path	/api/v1/oauth/connect/clients/{token}/logo	
978458e4-549d-42db-a527-f163fda2ddf8	GET	header	/api/v1/oauth/connect/clients/{token}/logo	authorization
874257d8-9b9c-48cf-9431-bcb206f5d561	GET	cookie	/api/v1/oauth/connect/clients/{token}/logo	AMP_MKTG_d6814239bf,AMP_MKTG_e6fe2a7b15,AMP_MKTG_e6fe2a7b15,AMP_d6814239bf,AMP_e6fe2a7b15,AMP_e6fe2a7b15,CognitoIdentityServiceProvider.7cd3keuknr18mv2boiaesbgce3.LastAuthUser,CognitoIdentityServiceProvider.7cd3keuknr18mv2boiaesbgce3.{uuid}.accessToken,CognitoIdentityServiceProvider.7cd3keuknr18mv2boiaesbgce3.{uuid}.clockDrift,CognitoIdentityServiceProvider.7cd3keuknr18mv2boiaesbgce3.{uuid}.deviceGroupKey,CognitoIdentityServiceProvider.7cd3keuknr18mv2boiaesbgce3.{uuid}.deviceKey,CognitoIdentityServiceProvider.7cd3keuknr18mv2boiaesbgce3.{uuid}.idToken,CognitoIdentityServiceProvider.7cd3keuknr18mv2boiaesbgce3.{uuid}.randomPasswordKey,CognitoIdentityServiceProvider.7cd3keuknr18mv2boiaesbgce3.{uuid}.refreshToken,CognitoIdentityServiceProvider.7cd3keuknr18mv2boiaesbgce3.{uuid}.userData,__stripe_mid,__stripe_sid,_gcl_au,_rdt_em,_rdt_uuid,amplify-signin-with-hostedUI,intercom-device-id-p7a9jdob,intercom-session-p7a9jdob
15d0d7b4-b223-4d18-976d-a1c1e3a6e6ec	GET	cookie	/api/v1/oauth/created_clients	AMP_MKTG_d6814239bf,AMP_MKTG_e6fe2a7b15,AMP_MKTG_e6fe2a7b15,AMP_d6814239bf,AMP_e6fe2a7b15,AMP_e6fe2a7b15,CognitoIdentityServiceProvider.7cd3keuknr18mv2boiaesbgce3.LastAuthUser,CognitoIdentityServiceProvider.7cd3keuknr18mv2boiaesbgce3.{uuid}.accessToken,CognitoIdentityServiceProvider.7cd3keuknr18mv2boiaesbgce3.{uuid}.clockDrift,CognitoIdentityServiceProvider.7cd3keuknr18mv2boiaesbgce3.{uuid}.deviceGroupKey,CognitoIdentityServiceProvider.7cd3keuknr18mv2boiaesbgce3.{uuid}.deviceKey,CognitoIdentityServiceProvider.7cd3keuknr18mv2boiaesbgce3.{uuid}.idToken,CognitoIdentityServiceProvider.7cd3keuknr18mv2boiaesbgce3.{uuid}.randomPasswordKey,CognitoIdentityServiceProvider.7cd3keuknr18mv2boiaesbgce3.{uuid}.refreshToken,CognitoIdentityServiceProvider.7cd3keuknr18mv2boiaesbgce3.{uuid}.userData,__stripe_mid,__stripe_sid,_gcl_au,_rdt_em,_rdt_uuid,amplify-signin-with-hostedUI,intercom-device-id-p7a9jdob,intercom-session-p7a9jdob
ed999614-934a-4f03-9247-246d796d6a58	GET	header	/api/v1/oauth/created_clients	authorization
2274c365-dbae-414a-94fb-81661c94ad74	GET	query	/api/v1/options/contracts	expiration_date_gte,limit,underlying_symbol
45bf5572-a3aa-4862-8533-c1281aa0f4a5	GET	cookie	/api/v1/options/contracts	AMP_MKTG_d6814239bf,AMP_MKTG_e6fe2a7b15,AMP_MKTG_e6fe2a7b15,AMP_d6814239bf,AMP_e6fe2a7b15,AMP_e6fe2a7b15,CognitoIdentityServiceProvider.7cd3keuknr18mv2boiaesbgce3.LastAuthUser,CognitoIdentityServiceProvider.7cd3keuknr18mv2boiaesbgce3.{uuid}.accessToken,CognitoIdentityServiceProvider.7cd3keuknr18mv2boiaesbgce3.{uuid}.clockDrift,CognitoIdentityServiceProvider.7cd3keuknr18mv2boiaesbgce3.{uuid}.deviceGroupKey,CognitoIdentityServiceProvider.7cd3keuknr18mv2boiaesbgce3.{uuid}.deviceKey,CognitoIdentityServiceProvider.7cd3keuknr18mv2boiaesbgce3.{uuid}.idToken,CognitoIdentityServiceProvider.7cd3keuknr18mv2boiaesbgce3.{uuid}.randomPasswordKey,CognitoIdentityServiceProvider.7cd3keuknr18mv2boiaesbgce3.{uuid}.refreshToken,CognitoIdentityServiceProvider.7cd3keuknr18mv2boiaesbgce3.{uuid}.userData,__stripe_mid,__stripe_sid,_gcl_au,_rdt_em,_rdt_uuid,amplify-signin-with-hostedUI,intercom-device-id-p7a9jdob,intercom-session-p7a9jdob
ba25755e-5dff-42c6-903e-cd0068f9d690	GET	query	/api/v1/options/contracts	expiration_date,limit,underlying_symbol
56c5011f-2920-4361-bf1e-67bc2a97cfc8	GET	query	/api/v1/options/contracts	expiration_date,expiration_date_gte,limit,underlying_symbol
ad9818fc-00d9-499b-af98-ee39fc550d0d	GET	header	/api/v1/options/contracts	authorization
1de1ad1c-3f07-4c64-8648-86ef3e9ac7c1	GET	path	/api/v1/owner	
12cbc4f9-cd8e-4b3d-858e-b90e38d116a8	POST	header	/api/v1/owner/account-recovery	authorization
de7ec9e9-9162-47fb-beeb-a281f3edaf13	POST	cookie	/api/v1/owner/account-recovery	AMP_MKTG_d6814239bf,AMP_MKTG_e6fe2a7b15,AMP_MKTG_e6fe2a7b15,AMP_d6814239bf,AMP_e6fe2a7b15,AMP_e6fe2a7b15,CognitoIdentityServiceProvider.7cd3keuknr18mv2boiaesbgce3.LastAuthUser,CognitoIdentityServiceProvider.7cd3keuknr18mv2boiaesbgce3.{uuid}.accessToken,CognitoIdentityServiceProvider.7cd3keuknr18mv2boiaesbgce3.{uuid}.clockDrift,CognitoIdentityServiceProvider.7cd3keuknr18mv2boiaesbgce3.{uuid}.deviceGroupKey,CognitoIdentityServiceProvider.7cd3keuknr18mv2boiaesbgce3.{uuid}.deviceKey,CognitoIdentityServiceProvider.7cd3keuknr18mv2boiaesbgce3.{uuid}.idToken,CognitoIdentityServiceProvider.7cd3keuknr18mv2boiaesbgce3.{uuid}.randomPasswordKey,CognitoIdentityServiceProvider.7cd3keuknr18mv2boiaesbgce3.{uuid}.refreshToken,CognitoIdentityServiceProvider.7cd3keuknr18mv2boiaesbgce3.{uuid}.userData,__stripe_mid,__stripe_sid,_gcl_au,_rdt_em,_rdt_uuid,amplify-signin-with-hostedUI,intercom-device-id-p7a9jdob,intercom-session-p7a9jdob
5187ecfc-75f3-4afb-b943-971c222f3b08	GET	header	/api/v1/owner/intercom-id	authorization
609bc4fc-d17d-4c29-ab15-c4eeb75dfbdd	GET	cookie	/api/v1/owner/intercom-id	AMP_MKTG_d6814239bf,AMP_MKTG_e6fe2a7b15,AMP_MKTG_e6fe2a7b15,AMP_d6814239bf,AMP_e6fe2a7b15,AMP_e6fe2a7b15,CognitoIdentityServiceProvider.7cd3keuknr18mv2boiaesbgce3.LastAuthUser,CognitoIdentityServiceProvider.7cd3keuknr18mv2boiaesbgce3.{uuid}.accessToken,CognitoIdentityServiceProvider.7cd3keuknr18mv2boiaesbgce3.{uuid}.clockDrift,CognitoIdentityServiceProvider.7cd3keuknr18mv2boiaesbgce3.{uuid}.deviceGroupKey,CognitoIdentityServiceProvider.7cd3keuknr18mv2boiaesbgce3.{uuid}.deviceKey,CognitoIdentityServiceProvider.7cd3keuknr18mv2boiaesbgce3.{uuid}.idToken,CognitoIdentityServiceProvider.7cd3keuknr18mv2boiaesbgce3.{uuid}.randomPasswordKey,CognitoIdentityServiceProvider.7cd3keuknr18mv2boiaesbgce3.{uuid}.refreshToken,CognitoIdentityServiceProvider.7cd3keuknr18mv2boiaesbgce3.{uuid}.userData,__stripe_mid,__stripe_sid,_gcl_au,_rdt_em,_rdt_uuid,amplify-signin-with-hostedUI,intercom-device-id-p7a9jdob,intercom-session-p7a9jdob
f66fad76-19d8-4821-a54c-f464183cacca	GET	header	/api/v1/paper_accounts	authorization
5c20b9e1-90b2-462d-9129-65debe1227e1	GET	path	/api/v1/paper_accounts	
9e882158-53c5-44f8-9fc3-cd8c08d8af6f	POST	body	/api/v1/paper_accounts	cash,name
a5bb2893-709b-467b-adff-eaf0b2a8190e	POST	cookie	/api/v1/paper_accounts	AMP_MKTG_d6814239bf,AMP_MKTG_e6fe2a7b15,AMP_MKTG_e6fe2a7b15,AMP_d6814239bf,AMP_e6fe2a7b15,AMP_e6fe2a7b15,CognitoIdentityServiceProvider.7cd3keuknr18mv2boiaesbgce3.LastAuthUser,CognitoIdentityServiceProvider.7cd3keuknr18mv2boiaesbgce3.{uuid}.accessToken,CognitoIdentityServiceProvider.7cd3keuknr18mv2boiaesbgce3.{uuid}.clockDrift,CognitoIdentityServiceProvider.7cd3keuknr18mv2boiaesbgce3.{uuid}.deviceGroupKey,CognitoIdentityServiceProvider.7cd3keuknr18mv2boiaesbgce3.{uuid}.deviceKey,CognitoIdentityServiceProvider.7cd3keuknr18mv2boiaesbgce3.{uuid}.idToken,CognitoIdentityServiceProvider.7cd3keuknr18mv2boiaesbgce3.{uuid}.randomPasswordKey,CognitoIdentityServiceProvider.7cd3keuknr18mv2boiaesbgce3.{uuid}.refreshToken,CognitoIdentityServiceProvider.7cd3keuknr18mv2boiaesbgce3.{uuid}.userData,__stripe_mid,__stripe_sid,_gcl_au,_rdt_em,_rdt_uuid,amplify-signin-with-hostedUI,intercom-device-id-p7a9jdob,intercom-session-p7a9jdob
06f12c41-8e79-482a-97e4-3d2c5ed6a61d	POST	header	/api/v1/paper_accounts	authorization
a31943a6-fdbc-4928-8401-06cc676f25d2	GET	cookie	/api/v1/paper_accounts	AMP_MKTG_d6814239bf,AMP_MKTG_e6fe2a7b15,AMP_MKTG_e6fe2a7b15,AMP_d6814239bf,AMP_e6fe2a7b15,AMP_e6fe2a7b15,CognitoIdentityServiceProvider.7cd3keuknr18mv2boiaesbgce3.LastAuthUser,CognitoIdentityServiceProvider.7cd3keuknr18mv2boiaesbgce3.{uuid}.accessToken,CognitoIdentityServiceProvider.7cd3keuknr18mv2boiaesbgce3.{uuid}.clockDrift,CognitoIdentityServiceProvider.7cd3keuknr18mv2boiaesbgce3.{uuid}.deviceGroupKey,CognitoIdentityServiceProvider.7cd3keuknr18mv2boiaesbgce3.{uuid}.deviceKey,CognitoIdentityServiceProvider.7cd3keuknr18mv2boiaesbgce3.{uuid}.idToken,CognitoIdentityServiceProvider.7cd3keuknr18mv2boiaesbgce3.{uuid}.randomPasswordKey,CognitoIdentityServiceProvider.7cd3keuknr18mv2boiaesbgce3.{uuid}.refreshToken,CognitoIdentityServiceProvider.7cd3keuknr18mv2boiaesbgce3.{uuid}.userData,__stripe_mid,__stripe_sid,_gcl_au,_rdt_em,_rdt_uuid,amplify-signin-with-hostedUI,intercom-device-id-p7a9jdob,intercom-session-p7a9jdob
a216c731-5ce7-491d-b4f2-4ca43f5d1609	GET	query	/api/v1/paper_accounts/56b2ddf8-276a-4341-9ff6-76078889e661/activities	after,date,direction,order_id,page_size
599fd22d-94f1-45e3-b062-9f549a82e4af	GET	query	/api/v1/paper_accounts/56b2ddf8-276a-4341-9ff6-76078889e661/activities	after,date,direction,order_id,until
b6056c52-6628-4eee-8488-8b9ccc095966	GET	query	/api/v1/paper_accounts/56b2ddf8-276a-4341-9ff6-76078889e661/orders	after,direction,id,status
cb417f89-c852-490c-8092-10f7f7ff1f36	GET	query	/api/v1/paper_accounts/56b2ddf8-276a-4341-9ff6-76078889e661/portfolio/history	end,start,timeframe
21856aed-89d2-402c-94a0-53edfc47ab3d	PATCH	path	/api/v1/paper_accounts/{uuid}	
4888e040-7ee5-4da5-a2f6-72a79c16d963	PATCH	cookie	/api/v1/paper_accounts/{uuid}	AMP_MKTG_d6814239bf,AMP_MKTG_e6fe2a7b15,AMP_MKTG_e6fe2a7b15,AMP_d6814239bf,AMP_e6fe2a7b15,AMP_e6fe2a7b15,CognitoIdentityServiceProvider.7cd3keuknr18mv2boiaesbgce3.LastAuthUser,CognitoIdentityServiceProvider.7cd3keuknr18mv2boiaesbgce3.{uuid}.accessToken,CognitoIdentityServiceProvider.7cd3keuknr18mv2boiaesbgce3.{uuid}.clockDrift,CognitoIdentityServiceProvider.7cd3keuknr18mv2boiaesbgce3.{uuid}.deviceGroupKey,CognitoIdentityServiceProvider.7cd3keuknr18mv2boiaesbgce3.{uuid}.deviceKey,CognitoIdentityServiceProvider.7cd3keuknr18mv2boiaesbgce3.{uuid}.idToken,CognitoIdentityServiceProvider.7cd3keuknr18mv2boiaesbgce3.{uuid}.randomPasswordKey,CognitoIdentityServiceProvider.7cd3keuknr18mv2boiaesbgce3.{uuid}.refreshToken,CognitoIdentityServiceProvider.7cd3keuknr18mv2boiaesbgce3.{uuid}.userData,__stripe_mid,__stripe_sid,_gcl_au,_rdt_em,_rdt_uuid,amplify-signin-with-hostedUI,intercom-device-id-p7a9jdob,intercom-session-p7a9jdob
0545d2c2-372b-4a2a-931e-f3d7d2ecb9d6	DELETE	header	/api/v1/paper_accounts/{uuid}	authorization
1351d948-034e-4628-b5d7-6084e9e6733b	PATCH	body	/api/v1/paper_accounts/{uuid}	name
50914b66-e3eb-44f9-a853-eea9f8c1b73d	PATCH	header	/api/v1/paper_accounts/{uuid}	authorization
d36df11e-2e30-4e13-a997-ac8e5b526888	DELETE	cookie	/api/v1/paper_accounts/{uuid}	AMP_MKTG_d6814239bf,AMP_MKTG_e6fe2a7b15,AMP_MKTG_e6fe2a7b15,AMP_d6814239bf,AMP_e6fe2a7b15,AMP_e6fe2a7b15,CognitoIdentityServiceProvider.7cd3keuknr18mv2boiaesbgce3.LastAuthUser,CognitoIdentityServiceProvider.7cd3keuknr18mv2boiaesbgce3.{uuid}.accessToken,CognitoIdentityServiceProvider.7cd3keuknr18mv2boiaesbgce3.{uuid}.clockDrift,CognitoIdentityServiceProvider.7cd3keuknr18mv2boiaesbgce3.{uuid}.deviceGroupKey,CognitoIdentityServiceProvider.7cd3keuknr18mv2boiaesbgce3.{uuid}.deviceKey,CognitoIdentityServiceProvider.7cd3keuknr18mv2boiaesbgce3.{uuid}.idToken,CognitoIdentityServiceProvider.7cd3keuknr18mv2boiaesbgce3.{uuid}.randomPasswordKey,CognitoIdentityServiceProvider.7cd3keuknr18mv2boiaesbgce3.{uuid}.refreshToken,CognitoIdentityServiceProvider.7cd3keuknr18mv2boiaesbgce3.{uuid}.userData,__stripe_mid,__stripe_sid,_gcl_au,_rdt_em,_rdt_uuid,amplify-signin-with-hostedUI,intercom-device-id-p7a9jdob,intercom-session-p7a9jdob
18072b6c-cc80-4f33-be48-a6f8a2c4ce66	DELETE	path	/api/v1/paper_accounts/{uuid}	
1967f753-3ab4-4c76-a18c-2348682e4dca	GET	query	/api/v1/paper_accounts/{uuid}/activities	page_size
07ef58ac-f77d-48a5-9a38-a8d9b77f4ed9	GET	cookie	/api/v1/paper_accounts/{uuid}/activities	AMP_MKTG_d6814239bf,AMP_MKTG_e6fe2a7b15,AMP_MKTG_e6fe2a7b15,AMP_d6814239bf,AMP_e6fe2a7b15,AMP_e6fe2a7b15,CognitoIdentityServiceProvider.7cd3keuknr18mv2boiaesbgce3.LastAuthUser,CognitoIdentityServiceProvider.7cd3keuknr18mv2boiaesbgce3.{uuid}.accessToken,CognitoIdentityServiceProvider.7cd3keuknr18mv2boiaesbgce3.{uuid}.clockDrift,CognitoIdentityServiceProvider.7cd3keuknr18mv2boiaesbgce3.{uuid}.deviceGroupKey,CognitoIdentityServiceProvider.7cd3keuknr18mv2boiaesbgce3.{uuid}.deviceKey,CognitoIdentityServiceProvider.7cd3keuknr18mv2boiaesbgce3.{uuid}.idToken,CognitoIdentityServiceProvider.7cd3keuknr18mv2boiaesbgce3.{uuid}.randomPasswordKey,CognitoIdentityServiceProvider.7cd3keuknr18mv2boiaesbgce3.{uuid}.refreshToken,CognitoIdentityServiceProvider.7cd3keuknr18mv2boiaesbgce3.{uuid}.userData,__stripe_mid,__stripe_sid,_gcl_au,_rdt_em,_rdt_uuid,amplify-signin-with-hostedUI,intercom-device-id-p7a9jdob,intercom-session-p7a9jdob
b2bdf33d-0f79-4e82-ba5a-63deb3778e72	GET	query	/api/v1/paper_accounts/{uuid}/activities	after,date,direction,order_id,page_size,until
93ebd622-89da-4bd5-a174-b88039de1b2f	GET	path	/api/v1/paper_accounts/{uuid}/activities	
aa8845a1-6a07-48a4-b171-c64261a87d46	GET	header	/api/v1/paper_accounts/{uuid}/activities	authorization
d4027748-c348-4f49-8651-c8649eddf2e5	PATCH	header	/api/v1/paper_accounts/{uuid}/configurations	authorization
bec476f0-3b71-4b69-89b5-f6d565bf52a7	GET	header	/api/v1/paper_accounts/{uuid}/configurations	authorization
1eead714-b245-4442-a1f5-175d1e9595af	PATCH	cookie	/api/v1/paper_accounts/{uuid}/configurations	AMP_MKTG_d6814239bf,AMP_MKTG_e6fe2a7b15,AMP_MKTG_e6fe2a7b15,AMP_d6814239bf,AMP_e6fe2a7b15,AMP_e6fe2a7b15,CognitoIdentityServiceProvider.7cd3keuknr18mv2boiaesbgce3.LastAuthUser,CognitoIdentityServiceProvider.7cd3keuknr18mv2boiaesbgce3.{uuid}.accessToken,CognitoIdentityServiceProvider.7cd3keuknr18mv2boiaesbgce3.{uuid}.clockDrift,CognitoIdentityServiceProvider.7cd3keuknr18mv2boiaesbgce3.{uuid}.deviceGroupKey,CognitoIdentityServiceProvider.7cd3keuknr18mv2boiaesbgce3.{uuid}.deviceKey,CognitoIdentityServiceProvider.7cd3keuknr18mv2boiaesbgce3.{uuid}.idToken,CognitoIdentityServiceProvider.7cd3keuknr18mv2boiaesbgce3.{uuid}.randomPasswordKey,CognitoIdentityServiceProvider.7cd3keuknr18mv2boiaesbgce3.{uuid}.refreshToken,CognitoIdentityServiceProvider.7cd3keuknr18mv2boiaesbgce3.{uuid}.userData,__stripe_mid,__stripe_sid,_gcl_au,_rdt_em,_rdt_uuid,amplify-signin-with-hostedUI,intercom-device-id-p7a9jdob,intercom-session-p7a9jdob
e7139c8d-68dd-445c-8f93-e7a9a2a91913	PATCH	path	/api/v1/paper_accounts/{uuid}/configurations	
f08c2352-e021-45a2-a712-60ff23d44c43	PATCH	body	/api/v1/paper_accounts/{uuid}/configurations	fractional_trading,max_margin_multiplier,no_shorting,ptp_no_exception_entry,suspend_trade,trade_confirm_email
91eb6c36-e44f-44f3-8f6d-d9d6ca136c26	GET	path	/api/v1/paper_accounts/{uuid}/configurations	
3a2c2a30-e2b6-43fc-aa2e-f86905a0237b	GET	cookie	/api/v1/paper_accounts/{uuid}/configurations	AMP_MKTG_d6814239bf,AMP_MKTG_e6fe2a7b15,AMP_MKTG_e6fe2a7b15,AMP_d6814239bf,AMP_e6fe2a7b15,AMP_e6fe2a7b15,CognitoIdentityServiceProvider.7cd3keuknr18mv2boiaesbgce3.LastAuthUser,CognitoIdentityServiceProvider.7cd3keuknr18mv2boiaesbgce3.{uuid}.accessToken,CognitoIdentityServiceProvider.7cd3keuknr18mv2boiaesbgce3.{uuid}.clockDrift,CognitoIdentityServiceProvider.7cd3keuknr18mv2boiaesbgce3.{uuid}.deviceGroupKey,CognitoIdentityServiceProvider.7cd3keuknr18mv2boiaesbgce3.{uuid}.deviceKey,CognitoIdentityServiceProvider.7cd3keuknr18mv2boiaesbgce3.{uuid}.idToken,CognitoIdentityServiceProvider.7cd3keuknr18mv2boiaesbgce3.{uuid}.randomPasswordKey,CognitoIdentityServiceProvider.7cd3keuknr18mv2boiaesbgce3.{uuid}.refreshToken,CognitoIdentityServiceProvider.7cd3keuknr18mv2boiaesbgce3.{uuid}.userData,__stripe_mid,__stripe_sid,_gcl_au,_rdt_em,_rdt_uuid,amplify-signin-with-hostedUI,intercom-device-id-p7a9jdob,intercom-session-p7a9jdob
59f8af73-2f03-4467-b905-c34276adffc2	GET	query	/api/v1/paper_accounts/{uuid}/orders	after,direction,id,limit,side,status,symbols,until
57f92a95-7809-4be3-b730-531b56d4ab51	GET	header	/api/v1/paper_accounts/{uuid}/orders	authorization
90397048-27d9-41cc-8f9e-be254c536de0	GET	query	/api/v1/paper_accounts/{uuid}/orders	limit,side,status,symbols,until
a7ea9028-1b8b-4c0b-b2dd-b347ffeb487f	GET	cookie	/api/v1/paper_accounts/{uuid}/orders	AMP_MKTG_d6814239bf,AMP_MKTG_e6fe2a7b15,AMP_MKTG_e6fe2a7b15,AMP_d6814239bf,AMP_e6fe2a7b15,AMP_e6fe2a7b15,CognitoIdentityServiceProvider.7cd3keuknr18mv2boiaesbgce3.LastAuthUser,CognitoIdentityServiceProvider.7cd3keuknr18mv2boiaesbgce3.{uuid}.accessToken,CognitoIdentityServiceProvider.7cd3keuknr18mv2boiaesbgce3.{uuid}.clockDrift,CognitoIdentityServiceProvider.7cd3keuknr18mv2boiaesbgce3.{uuid}.deviceGroupKey,CognitoIdentityServiceProvider.7cd3keuknr18mv2boiaesbgce3.{uuid}.deviceKey,CognitoIdentityServiceProvider.7cd3keuknr18mv2boiaesbgce3.{uuid}.idToken,CognitoIdentityServiceProvider.7cd3keuknr18mv2boiaesbgce3.{uuid}.randomPasswordKey,CognitoIdentityServiceProvider.7cd3keuknr18mv2boiaesbgce3.{uuid}.refreshToken,CognitoIdentityServiceProvider.7cd3keuknr18mv2boiaesbgce3.{uuid}.userData,__stripe_mid,__stripe_sid,_gcl_au,_rdt_em,_rdt_uuid,amplify-signin-with-hostedUI,intercom-device-id-p7a9jdob,intercom-session-p7a9jdob
6a2c1ff1-2378-4629-8596-351ec2b394c2	GET	path	/api/v1/paper_accounts/{uuid}/orders	
42580bfd-b693-419e-abf3-10291775c801	POST	header	/api/v1/paper_accounts/{uuid}/orders	authorization
f8672df3-8622-4096-b234-d9de83d6048c	POST	body	/api/v1/paper_accounts/{uuid}/orders	extended_hours,limit_price,qty,side,stop_price,symbol,time_in_force,type
1c22673b-23f9-4bdc-be27-6ff8d0ba648f	POST	body	/api/v1/paper_accounts/{uuid}/orders	extended_hours,limit_price,qty,side,symbol,time_in_force,type
fd299873-2f15-481b-a2c4-7f14c9281d36	POST	path	/api/v1/paper_accounts/{uuid}/orders	
ed2f60ba-ab5a-44c1-841c-5ef52d050d03	POST	cookie	/api/v1/paper_accounts/{uuid}/orders	AMP_MKTG_d6814239bf,AMP_MKTG_e6fe2a7b15,AMP_MKTG_e6fe2a7b15,AMP_d6814239bf,AMP_e6fe2a7b15,AMP_e6fe2a7b15,CognitoIdentityServiceProvider.7cd3keuknr18mv2boiaesbgce3.LastAuthUser,CognitoIdentityServiceProvider.7cd3keuknr18mv2boiaesbgce3.{uuid}.accessToken,CognitoIdentityServiceProvider.7cd3keuknr18mv2boiaesbgce3.{uuid}.clockDrift,CognitoIdentityServiceProvider.7cd3keuknr18mv2boiaesbgce3.{uuid}.deviceGroupKey,CognitoIdentityServiceProvider.7cd3keuknr18mv2boiaesbgce3.{uuid}.deviceKey,CognitoIdentityServiceProvider.7cd3keuknr18mv2boiaesbgce3.{uuid}.idToken,CognitoIdentityServiceProvider.7cd3keuknr18mv2boiaesbgce3.{uuid}.randomPasswordKey,CognitoIdentityServiceProvider.7cd3keuknr18mv2boiaesbgce3.{uuid}.refreshToken,CognitoIdentityServiceProvider.7cd3keuknr18mv2boiaesbgce3.{uuid}.userData,__stripe_mid,__stripe_sid,_gcl_au,_rdt_em,_rdt_uuid,amplify-signin-with-hostedUI,intercom-device-id-p7a9jdob,intercom-session-p7a9jdob
eacd2dfc-2b5d-470a-9d11-b6a1c023c47b	PATCH	header	/api/v1/paper_accounts/{uuid}/orders/{uuid}	authorization
fcd00ca4-f036-4a3b-9c3e-83d8fdac607b	DELETE	header	/api/v1/paper_accounts/{uuid}/orders/{uuid}	authorization
ff973958-05e3-4791-989c-d7dabbf11557	GET	cookie	/api/v1/paper_accounts/{uuid}/orders/{uuid}	AMP_MKTG_d6814239bf,AMP_MKTG_e6fe2a7b15,AMP_MKTG_e6fe2a7b15,AMP_d6814239bf,AMP_e6fe2a7b15,AMP_e6fe2a7b15,CognitoIdentityServiceProvider.7cd3keuknr18mv2boiaesbgce3.LastAuthUser,CognitoIdentityServiceProvider.7cd3keuknr18mv2boiaesbgce3.{uuid}.accessToken,CognitoIdentityServiceProvider.7cd3keuknr18mv2boiaesbgce3.{uuid}.clockDrift,CognitoIdentityServiceProvider.7cd3keuknr18mv2boiaesbgce3.{uuid}.deviceGroupKey,CognitoIdentityServiceProvider.7cd3keuknr18mv2boiaesbgce3.{uuid}.deviceKey,CognitoIdentityServiceProvider.7cd3keuknr18mv2boiaesbgce3.{uuid}.idToken,CognitoIdentityServiceProvider.7cd3keuknr18mv2boiaesbgce3.{uuid}.randomPasswordKey,CognitoIdentityServiceProvider.7cd3keuknr18mv2boiaesbgce3.{uuid}.refreshToken,CognitoIdentityServiceProvider.7cd3keuknr18mv2boiaesbgce3.{uuid}.userData,__stripe_mid,__stripe_sid,_gcl_au,_rdt_em,_rdt_uuid,amplify-signin-with-hostedUI,intercom-device-id-p7a9jdob,intercom-session-p7a9jdob
72b96dfe-ce01-4225-abb5-87d35e51671a	DELETE	cookie	/api/v1/paper_accounts/{uuid}/orders/{uuid}	AMP_MKTG_d6814239bf,AMP_MKTG_e6fe2a7b15,AMP_MKTG_e6fe2a7b15,AMP_d6814239bf,AMP_e6fe2a7b15,AMP_e6fe2a7b15,CognitoIdentityServiceProvider.7cd3keuknr18mv2boiaesbgce3.LastAuthUser,CognitoIdentityServiceProvider.7cd3keuknr18mv2boiaesbgce3.{uuid}.accessToken,CognitoIdentityServiceProvider.7cd3keuknr18mv2boiaesbgce3.{uuid}.clockDrift,CognitoIdentityServiceProvider.7cd3keuknr18mv2boiaesbgce3.{uuid}.deviceGroupKey,CognitoIdentityServiceProvider.7cd3keuknr18mv2boiaesbgce3.{uuid}.deviceKey,CognitoIdentityServiceProvider.7cd3keuknr18mv2boiaesbgce3.{uuid}.idToken,CognitoIdentityServiceProvider.7cd3keuknr18mv2boiaesbgce3.{uuid}.randomPasswordKey,CognitoIdentityServiceProvider.7cd3keuknr18mv2boiaesbgce3.{uuid}.refreshToken,CognitoIdentityServiceProvider.7cd3keuknr18mv2boiaesbgce3.{uuid}.userData,__stripe_mid,__stripe_sid,_gcl_au,_rdt_em,_rdt_uuid,amplify-signin-with-hostedUI,intercom-device-id-p7a9jdob,intercom-session-p7a9jdob
1505b65c-e19f-430b-883a-4c8a91429455	PATCH	cookie	/api/v1/paper_accounts/{uuid}/orders/{uuid}	AMP_MKTG_d6814239bf,AMP_MKTG_e6fe2a7b15,AMP_MKTG_e6fe2a7b15,AMP_d6814239bf,AMP_e6fe2a7b15,AMP_e6fe2a7b15,CognitoIdentityServiceProvider.7cd3keuknr18mv2boiaesbgce3.LastAuthUser,CognitoIdentityServiceProvider.7cd3keuknr18mv2boiaesbgce3.{uuid}.accessToken,CognitoIdentityServiceProvider.7cd3keuknr18mv2boiaesbgce3.{uuid}.clockDrift,CognitoIdentityServiceProvider.7cd3keuknr18mv2boiaesbgce3.{uuid}.deviceGroupKey,CognitoIdentityServiceProvider.7cd3keuknr18mv2boiaesbgce3.{uuid}.deviceKey,CognitoIdentityServiceProvider.7cd3keuknr18mv2boiaesbgce3.{uuid}.idToken,CognitoIdentityServiceProvider.7cd3keuknr18mv2boiaesbgce3.{uuid}.randomPasswordKey,CognitoIdentityServiceProvider.7cd3keuknr18mv2boiaesbgce3.{uuid}.refreshToken,CognitoIdentityServiceProvider.7cd3keuknr18mv2boiaesbgce3.{uuid}.userData,__stripe_mid,__stripe_sid,_gcl_au,_rdt_em,_rdt_uuid,amplify-signin-with-hostedUI,intercom-device-id-p7a9jdob,intercom-session-p7a9jdob
db296a69-200e-4991-953f-87e6d13997e0	GET	header	/api/v1/paper_accounts/{uuid}/orders/{uuid}	authorization
a49ffd82-2b05-4024-b647-9956e2e8d11c	PATCH	body	/api/v1/paper_accounts/{uuid}/orders/{uuid}	limit_price,qty,stop_price,time_in_force
02086e68-247e-4513-8a68-dcc07427faa5	PATCH	path	/api/v1/paper_accounts/{uuid}/orders/{uuid}	
14fb8d26-2489-4f1b-b86a-c0014051ec3f	GET	path	/api/v1/paper_accounts/{uuid}/orders/{uuid}	
5c29676c-6650-4c13-a3af-805425717c91	DELETE	path	/api/v1/paper_accounts/{uuid}/orders/{uuid}	
2a646f34-55c5-4273-888b-cbcbf5b8b82e	GET	cookie	/api/v1/paper_accounts/{uuid}/portfolio/history	AMP_MKTG_d6814239bf,AMP_MKTG_e6fe2a7b15,AMP_MKTG_e6fe2a7b15,AMP_d6814239bf,AMP_e6fe2a7b15,AMP_e6fe2a7b15,CognitoIdentityServiceProvider.7cd3keuknr18mv2boiaesbgce3.LastAuthUser,CognitoIdentityServiceProvider.7cd3keuknr18mv2boiaesbgce3.{uuid}.accessToken,CognitoIdentityServiceProvider.7cd3keuknr18mv2boiaesbgce3.{uuid}.clockDrift,CognitoIdentityServiceProvider.7cd3keuknr18mv2boiaesbgce3.{uuid}.deviceGroupKey,CognitoIdentityServiceProvider.7cd3keuknr18mv2boiaesbgce3.{uuid}.deviceKey,CognitoIdentityServiceProvider.7cd3keuknr18mv2boiaesbgce3.{uuid}.idToken,CognitoIdentityServiceProvider.7cd3keuknr18mv2boiaesbgce3.{uuid}.randomPasswordKey,CognitoIdentityServiceProvider.7cd3keuknr18mv2boiaesbgce3.{uuid}.refreshToken,CognitoIdentityServiceProvider.7cd3keuknr18mv2boiaesbgce3.{uuid}.userData,__stripe_mid,__stripe_sid,_gcl_au,_rdt_em,_rdt_uuid,amplify-signin-with-hostedUI,intercom-device-id-p7a9jdob,intercom-session-p7a9jdob
7eab8ccb-b3ba-451c-9ee3-e3e252ccf2c0	GET	header	/api/v1/paper_accounts/{uuid}/portfolio/history	authorization
013fb912-f248-4edf-a41f-e94b0c4d33fa	GET	query	/api/v1/paper_accounts/{uuid}/portfolio/history	end,intraday_reporting,period,start,timeframe
21cffe91-a61e-4360-9787-7d59e509dbb0	GET	query	/api/v1/paper_accounts/{uuid}/portfolio/history	intraday_reporting,period
773ebb0b-b45c-45d6-8905-85158cc6043a	GET	query	/api/v1/paper_accounts/{uuid}/portfolio/history	intraday_reporting,period,start
0572f657-2056-465b-afde-3665992c688c	GET	path	/api/v1/paper_accounts/{uuid}/portfolio/history	
44245099-31ad-41eb-b0e8-2bf3b80879a1	GET	path	/api/v1/paper_accounts/{uuid}/positions	
d2f6092b-343a-45fa-a1c5-60a245caa89d	GET	cookie	/api/v1/paper_accounts/{uuid}/positions	AMP_MKTG_d6814239bf,AMP_MKTG_e6fe2a7b15,AMP_MKTG_e6fe2a7b15,AMP_d6814239bf,AMP_e6fe2a7b15,AMP_e6fe2a7b15,CognitoIdentityServiceProvider.7cd3keuknr18mv2boiaesbgce3.LastAuthUser,CognitoIdentityServiceProvider.7cd3keuknr18mv2boiaesbgce3.{uuid}.accessToken,CognitoIdentityServiceProvider.7cd3keuknr18mv2boiaesbgce3.{uuid}.clockDrift,CognitoIdentityServiceProvider.7cd3keuknr18mv2boiaesbgce3.{uuid}.deviceGroupKey,CognitoIdentityServiceProvider.7cd3keuknr18mv2boiaesbgce3.{uuid}.deviceKey,CognitoIdentityServiceProvider.7cd3keuknr18mv2boiaesbgce3.{uuid}.idToken,CognitoIdentityServiceProvider.7cd3keuknr18mv2boiaesbgce3.{uuid}.randomPasswordKey,CognitoIdentityServiceProvider.7cd3keuknr18mv2boiaesbgce3.{uuid}.refreshToken,CognitoIdentityServiceProvider.7cd3keuknr18mv2boiaesbgce3.{uuid}.userData,__stripe_mid,__stripe_sid,_gcl_au,_rdt_em,_rdt_uuid,amplify-signin-with-hostedUI,intercom-device-id-p7a9jdob,intercom-session-p7a9jdob
c266dce6-7414-4784-9d5b-dec5d6a8f4f7	GET	header	/api/v1/paper_accounts/{uuid}/positions	authorization
58b62018-7868-4366-a66f-e483bab225e0	GET	path	/api/v1/paper_accounts/{uuid}/trade_account/margin	
3b5fb8da-2f67-431f-95cd-dcc6a93ef227	GET	header	/api/v1/paper_accounts/{uuid}/trade_account/margin	authorization
99519411-6b4d-4f39-a6f4-e2198e9715ee	GET	cookie	/api/v1/paper_accounts/{uuid}/trade_account/margin	AMP_MKTG_d6814239bf,AMP_MKTG_e6fe2a7b15,AMP_MKTG_e6fe2a7b15,AMP_d6814239bf,AMP_e6fe2a7b15,AMP_e6fe2a7b15,CognitoIdentityServiceProvider.7cd3keuknr18mv2boiaesbgce3.LastAuthUser,CognitoIdentityServiceProvider.7cd3keuknr18mv2boiaesbgce3.{uuid}.accessToken,CognitoIdentityServiceProvider.7cd3keuknr18mv2boiaesbgce3.{uuid}.clockDrift,CognitoIdentityServiceProvider.7cd3keuknr18mv2boiaesbgce3.{uuid}.deviceGroupKey,CognitoIdentityServiceProvider.7cd3keuknr18mv2boiaesbgce3.{uuid}.deviceKey,CognitoIdentityServiceProvider.7cd3keuknr18mv2boiaesbgce3.{uuid}.idToken,CognitoIdentityServiceProvider.7cd3keuknr18mv2boiaesbgce3.{uuid}.randomPasswordKey,CognitoIdentityServiceProvider.7cd3keuknr18mv2boiaesbgce3.{uuid}.refreshToken,CognitoIdentityServiceProvider.7cd3keuknr18mv2boiaesbgce3.{uuid}.userData,__stripe_mid,__stripe_sid,_gcl_au,_rdt_em,_rdt_uuid,amplify-signin-with-hostedUI,intercom-device-id-p7a9jdob,intercom-session-p7a9jdob
fa9a41c2-d9f3-40e6-86e9-db9181e95463	GET	header	/api/v1/paper_accounts/{uuid}/trade_account/margin/last	authorization
645caf6b-9454-4a33-abb6-d4ccc9eeb983	GET	cookie	/api/v1/paper_accounts/{uuid}/trade_account/margin/last	AMP_MKTG_d6814239bf,AMP_MKTG_e6fe2a7b15,AMP_MKTG_e6fe2a7b15,AMP_d6814239bf,AMP_e6fe2a7b15,AMP_e6fe2a7b15,CognitoIdentityServiceProvider.7cd3keuknr18mv2boiaesbgce3.LastAuthUser,CognitoIdentityServiceProvider.7cd3keuknr18mv2boiaesbgce3.{uuid}.accessToken,CognitoIdentityServiceProvider.7cd3keuknr18mv2boiaesbgce3.{uuid}.clockDrift,CognitoIdentityServiceProvider.7cd3keuknr18mv2boiaesbgce3.{uuid}.deviceGroupKey,CognitoIdentityServiceProvider.7cd3keuknr18mv2boiaesbgce3.{uuid}.deviceKey,CognitoIdentityServiceProvider.7cd3keuknr18mv2boiaesbgce3.{uuid}.idToken,CognitoIdentityServiceProvider.7cd3keuknr18mv2boiaesbgce3.{uuid}.randomPasswordKey,CognitoIdentityServiceProvider.7cd3keuknr18mv2boiaesbgce3.{uuid}.refreshToken,CognitoIdentityServiceProvider.7cd3keuknr18mv2boiaesbgce3.{uuid}.userData,__stripe_mid,__stripe_sid,_gcl_au,_rdt_em,_rdt_uuid,amplify-signin-with-hostedUI,intercom-device-id-p7a9jdob,intercom-session-p7a9jdob
b2ce0cf1-9621-4215-bfd8-4571070d83ff	GET	path	/api/v1/paper_accounts/{uuid}/trade_account/margin/last	
80f81413-8ee9-446a-90e9-30e2de05d11b	GET	query	/api/v1/quotes	symbols
7b1fb00a-5c53-4c57-ba4c-d1db8a885592	GET	path	/api/v1/quotes	
3b4add94-4696-4fa4-8fc9-3fe3f9636fca	GET	path	/api/v1/whoami	
5ee0b0f0-7bc3-4b44-b9a2-96f714eeacb3	GET	path	/assets/i18n	
def6bcf6-0ef2-4af7-9ecd-18c0c0567c92	GET	path	/assets/public/images	
dc1d8559-cd7c-4d60-bcc6-186f383c728a	GET	cookie	/brokerage/document-requests	AMP_MKTG_d6814239bf,AMP_MKTG_e6fe2a7b15,AMP_MKTG_e6fe2a7b15,AMP_d6814239bf,AMP_e6fe2a7b15,AMP_e6fe2a7b15,CognitoIdentityServiceProvider.7cd3keuknr18mv2boiaesbgce3.LastAuthUser,CognitoIdentityServiceProvider.7cd3keuknr18mv2boiaesbgce3.{uuid}.accessToken,CognitoIdentityServiceProvider.7cd3keuknr18mv2boiaesbgce3.{uuid}.clockDrift,CognitoIdentityServiceProvider.7cd3keuknr18mv2boiaesbgce3.{uuid}.deviceGroupKey,CognitoIdentityServiceProvider.7cd3keuknr18mv2boiaesbgce3.{uuid}.deviceKey,CognitoIdentityServiceProvider.7cd3keuknr18mv2boiaesbgce3.{uuid}.idToken,CognitoIdentityServiceProvider.7cd3keuknr18mv2boiaesbgce3.{uuid}.randomPasswordKey,CognitoIdentityServiceProvider.7cd3keuknr18mv2boiaesbgce3.{uuid}.refreshToken,CognitoIdentityServiceProvider.7cd3keuknr18mv2boiaesbgce3.{uuid}.userData,__stripe_mid,__stripe_sid,_gcl_au,_rdt_em,_rdt_uuid,amplify-signin-with-hostedUI,intercom-device-id-p7a9jdob,intercom-session-p7a9jdob
9b7b55ea-74c6-4b94-ad25-9c074d944b83	GET	cookie	/brokerage/market-data/overview	AMP_MKTG_d6814239bf,AMP_MKTG_e6fe2a7b15,AMP_MKTG_e6fe2a7b15,AMP_d6814239bf,AMP_e6fe2a7b15,AMP_e6fe2a7b15,CognitoIdentityServiceProvider.7cd3keuknr18mv2boiaesbgce3.LastAuthUser,CognitoIdentityServiceProvider.7cd3keuknr18mv2boiaesbgce3.{uuid}.accessToken,CognitoIdentityServiceProvider.7cd3keuknr18mv2boiaesbgce3.{uuid}.clockDrift,CognitoIdentityServiceProvider.7cd3keuknr18mv2boiaesbgce3.{uuid}.deviceGroupKey,CognitoIdentityServiceProvider.7cd3keuknr18mv2boiaesbgce3.{uuid}.deviceKey,CognitoIdentityServiceProvider.7cd3keuknr18mv2boiaesbgce3.{uuid}.idToken,CognitoIdentityServiceProvider.7cd3keuknr18mv2boiaesbgce3.{uuid}.randomPasswordKey,CognitoIdentityServiceProvider.7cd3keuknr18mv2boiaesbgce3.{uuid}.refreshToken,CognitoIdentityServiceProvider.7cd3keuknr18mv2boiaesbgce3.{uuid}.userData,__stripe_mid,__stripe_sid,_gcl_au,_rdt_em,_rdt_uuid,amplify-signin-with-hostedUI,intercom-device-id-p7a9jdob,intercom-session-p7a9jdob
769d4257-7564-4a26-ae41-bbac564163ee	GET	cookie	/brokerage/market-data/subscribe/select-plan	AMP_MKTG_d6814239bf,AMP_MKTG_e6fe2a7b15,AMP_MKTG_e6fe2a7b15,AMP_d6814239bf,AMP_e6fe2a7b15,AMP_e6fe2a7b15,CognitoIdentityServiceProvider.7cd3keuknr18mv2boiaesbgce3.LastAuthUser,CognitoIdentityServiceProvider.7cd3keuknr18mv2boiaesbgce3.{uuid}.accessToken,CognitoIdentityServiceProvider.7cd3keuknr18mv2boiaesbgce3.{uuid}.clockDrift,CognitoIdentityServiceProvider.7cd3keuknr18mv2boiaesbgce3.{uuid}.deviceGroupKey,CognitoIdentityServiceProvider.7cd3keuknr18mv2boiaesbgce3.{uuid}.deviceKey,CognitoIdentityServiceProvider.7cd3keuknr18mv2boiaesbgce3.{uuid}.idToken,CognitoIdentityServiceProvider.7cd3keuknr18mv2boiaesbgce3.{uuid}.randomPasswordKey,CognitoIdentityServiceProvider.7cd3keuknr18mv2boiaesbgce3.{uuid}.refreshToken,CognitoIdentityServiceProvider.7cd3keuknr18mv2boiaesbgce3.{uuid}.userData,__stripe_mid,__stripe_sid,_gcl_au,_rdt_em,_rdt_uuid,amplify-signin-with-hostedUI,intercom-device-id-p7a9jdob,intercom-session-p7a9jdob
16ff24a6-435c-4fb9-b705-0ee9f3e729c3	GET	cookie	/brokerage/new-account	AMP_MKTG_d6814239bf,AMP_MKTG_e6fe2a7b15,AMP_MKTG_e6fe2a7b15,AMP_d6814239bf,AMP_e6fe2a7b15,AMP_e6fe2a7b15,CognitoIdentityServiceProvider.7cd3keuknr18mv2boiaesbgce3.LastAuthUser,CognitoIdentityServiceProvider.7cd3keuknr18mv2boiaesbgce3.{uuid}.accessToken,CognitoIdentityServiceProvider.7cd3keuknr18mv2boiaesbgce3.{uuid}.clockDrift,CognitoIdentityServiceProvider.7cd3keuknr18mv2boiaesbgce3.{uuid}.deviceGroupKey,CognitoIdentityServiceProvider.7cd3keuknr18mv2boiaesbgce3.{uuid}.deviceKey,CognitoIdentityServiceProvider.7cd3keuknr18mv2boiaesbgce3.{uuid}.idToken,CognitoIdentityServiceProvider.7cd3keuknr18mv2boiaesbgce3.{uuid}.randomPasswordKey,CognitoIdentityServiceProvider.7cd3keuknr18mv2boiaesbgce3.{uuid}.refreshToken,CognitoIdentityServiceProvider.7cd3keuknr18mv2boiaesbgce3.{uuid}.userData,__stripe_mid,__stripe_sid,_gcl_au,_rdt_em,_rdt_uuid,amplify-signin-with-hostedUI,intercom-device-id-p7a9jdob,intercom-session-p7a9jdob
1b615a36-9e33-4d83-81d8-87a5b4240a96	GET	cookie	/connect	AMP_MKTG_d6814239bf,AMP_MKTG_e6fe2a7b15,AMP_MKTG_e6fe2a7b15,AMP_d6814239bf,AMP_e6fe2a7b15,AMP_e6fe2a7b15,CognitoIdentityServiceProvider.7cd3keuknr18mv2boiaesbgce3.LastAuthUser,CognitoIdentityServiceProvider.7cd3keuknr18mv2boiaesbgce3.{uuid}.accessToken,CognitoIdentityServiceProvider.7cd3keuknr18mv2boiaesbgce3.{uuid}.clockDrift,CognitoIdentityServiceProvider.7cd3keuknr18mv2boiaesbgce3.{uuid}.deviceGroupKey,CognitoIdentityServiceProvider.7cd3keuknr18mv2boiaesbgce3.{uuid}.deviceKey,CognitoIdentityServiceProvider.7cd3keuknr18mv2boiaesbgce3.{uuid}.idToken,CognitoIdentityServiceProvider.7cd3keuknr18mv2boiaesbgce3.{uuid}.randomPasswordKey,CognitoIdentityServiceProvider.7cd3keuknr18mv2boiaesbgce3.{uuid}.refreshToken,CognitoIdentityServiceProvider.7cd3keuknr18mv2boiaesbgce3.{uuid}.userData,__stripe_mid,__stripe_sid,_gcl_au,_rdt_em,_rdt_uuid,amplify-signin-with-hostedUI,intercom-device-id-p7a9jdob,intercom-session-p7a9jdob
a9eb6ca0-7d81-471b-827b-58ea6e2407d3	GET	path	/connect/edit/{token}	
3a703662-ebc0-41b4-b75d-c4743199c02b	GET	cookie	/connect/edit/{token}	AMP_MKTG_d6814239bf,AMP_MKTG_e6fe2a7b15,AMP_MKTG_e6fe2a7b15,AMP_d6814239bf,AMP_e6fe2a7b15,AMP_e6fe2a7b15,CognitoIdentityServiceProvider.7cd3keuknr18mv2boiaesbgce3.LastAuthUser,CognitoIdentityServiceProvider.7cd3keuknr18mv2boiaesbgce3.{uuid}.accessToken,CognitoIdentityServiceProvider.7cd3keuknr18mv2boiaesbgce3.{uuid}.clockDrift,CognitoIdentityServiceProvider.7cd3keuknr18mv2boiaesbgce3.{uuid}.deviceGroupKey,CognitoIdentityServiceProvider.7cd3keuknr18mv2boiaesbgce3.{uuid}.deviceKey,CognitoIdentityServiceProvider.7cd3keuknr18mv2boiaesbgce3.{uuid}.idToken,CognitoIdentityServiceProvider.7cd3keuknr18mv2boiaesbgce3.{uuid}.randomPasswordKey,CognitoIdentityServiceProvider.7cd3keuknr18mv2boiaesbgce3.{uuid}.refreshToken,CognitoIdentityServiceProvider.7cd3keuknr18mv2boiaesbgce3.{uuid}.userData,__stripe_mid,__stripe_sid,_gcl_au,_rdt_em,_rdt_uuid,amplify-signin-with-hostedUI,intercom-device-id-p7a9jdob,intercom-session-p7a9jdob
0d0bef0f-3c30-411d-b53f-a6ad77761d1d	GET	cookie	/dashboard/balances	AMP_MKTG_d6814239bf,AMP_MKTG_e6fe2a7b15,AMP_MKTG_e6fe2a7b15,AMP_d6814239bf,AMP_e6fe2a7b15,AMP_e6fe2a7b15,CognitoIdentityServiceProvider.7cd3keuknr18mv2boiaesbgce3.LastAuthUser,CognitoIdentityServiceProvider.7cd3keuknr18mv2boiaesbgce3.{uuid}.accessToken,CognitoIdentityServiceProvider.7cd3keuknr18mv2boiaesbgce3.{uuid}.clockDrift,CognitoIdentityServiceProvider.7cd3keuknr18mv2boiaesbgce3.{uuid}.deviceGroupKey,CognitoIdentityServiceProvider.7cd3keuknr18mv2boiaesbgce3.{uuid}.deviceKey,CognitoIdentityServiceProvider.7cd3keuknr18mv2boiaesbgce3.{uuid}.idToken,CognitoIdentityServiceProvider.7cd3keuknr18mv2boiaesbgce3.{uuid}.randomPasswordKey,CognitoIdentityServiceProvider.7cd3keuknr18mv2boiaesbgce3.{uuid}.refreshToken,CognitoIdentityServiceProvider.7cd3keuknr18mv2boiaesbgce3.{uuid}.userData,__stripe_mid,__stripe_sid,_gcl_au,_rdt_em,_rdt_uuid,amplify-signin-with-hostedUI,intercom-device-id-p7a9jdob,intercom-session-p7a9jdob
5792f6bb-792e-44d3-af2f-dbf61f57ffbe	GET	cookie	/dashboard/crypto-transfers	AMP_MKTG_d6814239bf,AMP_MKTG_e6fe2a7b15,AMP_MKTG_e6fe2a7b15,AMP_d6814239bf,AMP_e6fe2a7b15,AMP_e6fe2a7b15,CognitoIdentityServiceProvider.7cd3keuknr18mv2boiaesbgce3.LastAuthUser,CognitoIdentityServiceProvider.7cd3keuknr18mv2boiaesbgce3.{uuid}.accessToken,CognitoIdentityServiceProvider.7cd3keuknr18mv2boiaesbgce3.{uuid}.clockDrift,CognitoIdentityServiceProvider.7cd3keuknr18mv2boiaesbgce3.{uuid}.deviceGroupKey,CognitoIdentityServiceProvider.7cd3keuknr18mv2boiaesbgce3.{uuid}.deviceKey,CognitoIdentityServiceProvider.7cd3keuknr18mv2boiaesbgce3.{uuid}.idToken,CognitoIdentityServiceProvider.7cd3keuknr18mv2boiaesbgce3.{uuid}.randomPasswordKey,CognitoIdentityServiceProvider.7cd3keuknr18mv2boiaesbgce3.{uuid}.refreshToken,CognitoIdentityServiceProvider.7cd3keuknr18mv2boiaesbgce3.{uuid}.userData,__stripe_mid,__stripe_sid,_gcl_au,_rdt_em,_rdt_uuid,amplify-signin-with-hostedUI,intercom-device-id-p7a9jdob,intercom-session-p7a9jdob
eb81513e-dad0-42c5-bfa5-8cf7f9ecccdb	GET	cookie	/dashboard/digital-assets-transfers	AMP_MKTG_d6814239bf,AMP_MKTG_e6fe2a7b15,AMP_MKTG_e6fe2a7b15,AMP_d6814239bf,AMP_e6fe2a7b15,AMP_e6fe2a7b15,CognitoIdentityServiceProvider.7cd3keuknr18mv2boiaesbgce3.LastAuthUser,CognitoIdentityServiceProvider.7cd3keuknr18mv2boiaesbgce3.{uuid}.accessToken,CognitoIdentityServiceProvider.7cd3keuknr18mv2boiaesbgce3.{uuid}.clockDrift,CognitoIdentityServiceProvider.7cd3keuknr18mv2boiaesbgce3.{uuid}.deviceGroupKey,CognitoIdentityServiceProvider.7cd3keuknr18mv2boiaesbgce3.{uuid}.deviceKey,CognitoIdentityServiceProvider.7cd3keuknr18mv2boiaesbgce3.{uuid}.idToken,CognitoIdentityServiceProvider.7cd3keuknr18mv2boiaesbgce3.{uuid}.randomPasswordKey,CognitoIdentityServiceProvider.7cd3keuknr18mv2boiaesbgce3.{uuid}.refreshToken,CognitoIdentityServiceProvider.7cd3keuknr18mv2boiaesbgce3.{uuid}.userData,__stripe_mid,__stripe_sid,_gcl_au,_rdt_em,_rdt_uuid,amplify-signin-with-hostedUI,intercom-device-id-p7a9jdob,intercom-session-p7a9jdob
227eebbe-b168-47c1-a9b2-bdfc97b7485b	GET	cookie	/dashboard/overview	AMP_MKTG_d6814239bf,AMP_MKTG_e6fe2a7b15,AMP_MKTG_e6fe2a7b15,AMP_d6814239bf,AMP_e6fe2a7b15,AMP_e6fe2a7b15,CognitoIdentityServiceProvider.7cd3keuknr18mv2boiaesbgce3.LastAuthUser,CognitoIdentityServiceProvider.7cd3keuknr18mv2boiaesbgce3.{uuid}.accessToken,CognitoIdentityServiceProvider.7cd3keuknr18mv2boiaesbgce3.{uuid}.clockDrift,CognitoIdentityServiceProvider.7cd3keuknr18mv2boiaesbgce3.{uuid}.deviceGroupKey,CognitoIdentityServiceProvider.7cd3keuknr18mv2boiaesbgce3.{uuid}.deviceKey,CognitoIdentityServiceProvider.7cd3keuknr18mv2boiaesbgce3.{uuid}.idToken,CognitoIdentityServiceProvider.7cd3keuknr18mv2boiaesbgce3.{uuid}.randomPasswordKey,CognitoIdentityServiceProvider.7cd3keuknr18mv2boiaesbgce3.{uuid}.refreshToken,CognitoIdentityServiceProvider.7cd3keuknr18mv2boiaesbgce3.{uuid}.userData,__stripe_mid,__stripe_sid,_gcl_au,_rdt_em,_rdt_uuid,amplify-signin-with-hostedUI,intercom-device-id-p7a9jdob,intercom-session-p7a9jdob
4604fad7-4b9e-4816-8f0e-346b02a7868f	GET	cookie	/dashboard/program-interest	AMP_MKTG_d6814239bf,AMP_MKTG_e6fe2a7b15,AMP_MKTG_e6fe2a7b15,AMP_d6814239bf,AMP_e6fe2a7b15,AMP_e6fe2a7b15,CognitoIdentityServiceProvider.7cd3keuknr18mv2boiaesbgce3.LastAuthUser,CognitoIdentityServiceProvider.7cd3keuknr18mv2boiaesbgce3.{uuid}.accessToken,CognitoIdentityServiceProvider.7cd3keuknr18mv2boiaesbgce3.{uuid}.clockDrift,CognitoIdentityServiceProvider.7cd3keuknr18mv2boiaesbgce3.{uuid}.deviceGroupKey,CognitoIdentityServiceProvider.7cd3keuknr18mv2boiaesbgce3.{uuid}.deviceKey,CognitoIdentityServiceProvider.7cd3keuknr18mv2boiaesbgce3.{uuid}.idToken,CognitoIdentityServiceProvider.7cd3keuknr18mv2boiaesbgce3.{uuid}.randomPasswordKey,CognitoIdentityServiceProvider.7cd3keuknr18mv2boiaesbgce3.{uuid}.refreshToken,CognitoIdentityServiceProvider.7cd3keuknr18mv2boiaesbgce3.{uuid}.userData,__stripe_mid,__stripe_sid,_gcl_au,_rdt_em,_rdt_uuid,amplify-signin-with-hostedUI,intercom-device-id-p7a9jdob,intercom-session-p7a9jdob
a5b52d69-44f4-4219-98c8-4ffc3f166c06	GET	path	/internal/accounts	
e4c125bf-c5d9-427e-97bc-dbf106fbe72c	GET	path	/internal/allowed-countries	
cd471b7b-6dea-4b26-b053-1c91e9385069	GET	path	/internal/assets	
a3a6f8a7-b1cc-4edb-9017-992b0433fb91	GET	header	/internal/clock	authorization
02ea9096-9029-4347-8913-6325ea2797cd	GET	cookie	/internal/clock	AMP_MKTG_d6814239bf,AMP_MKTG_e6fe2a7b15,AMP_MKTG_e6fe2a7b15,AMP_d6814239bf,AMP_e6fe2a7b15,AMP_e6fe2a7b15,CognitoIdentityServiceProvider.7cd3keuknr18mv2boiaesbgce3.LastAuthUser,CognitoIdentityServiceProvider.7cd3keuknr18mv2boiaesbgce3.{uuid}.accessToken,CognitoIdentityServiceProvider.7cd3keuknr18mv2boiaesbgce3.{uuid}.clockDrift,CognitoIdentityServiceProvider.7cd3keuknr18mv2boiaesbgce3.{uuid}.deviceGroupKey,CognitoIdentityServiceProvider.7cd3keuknr18mv2boiaesbgce3.{uuid}.deviceKey,CognitoIdentityServiceProvider.7cd3keuknr18mv2boiaesbgce3.{uuid}.idToken,CognitoIdentityServiceProvider.7cd3keuknr18mv2boiaesbgce3.{uuid}.randomPasswordKey,CognitoIdentityServiceProvider.7cd3keuknr18mv2boiaesbgce3.{uuid}.refreshToken,CognitoIdentityServiceProvider.7cd3keuknr18mv2boiaesbgce3.{uuid}.userData,__stripe_mid,__stripe_sid,_gcl_au,_rdt_em,_rdt_uuid,amplify-signin-with-hostedUI,intercom-device-id-p7a9jdob,intercom-session-p7a9jdob
7c5ecf28-28b5-46e5-acc9-08510f62f6c5	GET	path	/internal/clock	
f33786fa-7447-405a-adb7-d5fc69c27103	GET	path	/internal/country-infos	
9694f752-531b-4cc6-a0a7-c523aac5f964	GET	path	/internal/owner	
447d435e-a325-4a93-a210-91af734aaed1	GET	path	/internal/paper_accounts	
0208e339-307d-49ea-82ae-f8bc3119e522	GET	query	/internal/quotes	symbols
70b58184-da82-4179-bcc8-b30eb148a058	GET	path	/internal/quotes	
28115525-fa7f-4cb8-90f9-7dfa382763b0	GET	query	/oauth/authorize	client_id,redirect_uri,response_type,scope,state
d0e5d6ba-902c-4f92-9344-136229542db3	GET	cookie	/oauth/authorize	AMP_MKTG_d6814239bf,AMP_MKTG_e6fe2a7b15,AMP_MKTG_e6fe2a7b15,AMP_d6814239bf,AMP_e6fe2a7b15,AMP_e6fe2a7b15,CognitoIdentityServiceProvider.7cd3keuknr18mv2boiaesbgce3.LastAuthUser,CognitoIdentityServiceProvider.7cd3keuknr18mv2boiaesbgce3.{uuid}.accessToken,CognitoIdentityServiceProvider.7cd3keuknr18mv2boiaesbgce3.{uuid}.clockDrift,CognitoIdentityServiceProvider.7cd3keuknr18mv2boiaesbgce3.{uuid}.deviceGroupKey,CognitoIdentityServiceProvider.7cd3keuknr18mv2boiaesbgce3.{uuid}.deviceKey,CognitoIdentityServiceProvider.7cd3keuknr18mv2boiaesbgce3.{uuid}.idToken,CognitoIdentityServiceProvider.7cd3keuknr18mv2boiaesbgce3.{uuid}.randomPasswordKey,CognitoIdentityServiceProvider.7cd3keuknr18mv2boiaesbgce3.{uuid}.refreshToken,CognitoIdentityServiceProvider.7cd3keuknr18mv2boiaesbgce3.{uuid}.userData,__stripe_mid,__stripe_sid,_gcl_au,_rdt_em,_rdt_uuid,amplify-signin-with-hostedUI,intercom-device-id-p7a9jdob,intercom-session-p7a9jdob
f20a2034-054d-46aa-8afb-3d46a4974002	GET	cookie	/signup	AMP_MKTG_d6814239bf,AMP_MKTG_e6fe2a7b15,AMP_MKTG_e6fe2a7b15,AMP_d6814239bf,AMP_e6fe2a7b15,AMP_e6fe2a7b15,__stripe_mid,__stripe_sid,_gcl_au,_rdt_em,_rdt_uuid
69a811a8-f690-4673-9ce0-46e955127f30	GET	cookie	/trade/AAPL	AMP_MKTG_d6814239bf,AMP_MKTG_e6fe2a7b15,AMP_MKTG_e6fe2a7b15,AMP_d6814239bf,AMP_e6fe2a7b15,AMP_e6fe2a7b15,CognitoIdentityServiceProvider.7cd3keuknr18mv2boiaesbgce3.LastAuthUser,CognitoIdentityServiceProvider.7cd3keuknr18mv2boiaesbgce3.{uuid}.accessToken,CognitoIdentityServiceProvider.7cd3keuknr18mv2boiaesbgce3.{uuid}.clockDrift,CognitoIdentityServiceProvider.7cd3keuknr18mv2boiaesbgce3.{uuid}.deviceGroupKey,CognitoIdentityServiceProvider.7cd3keuknr18mv2boiaesbgce3.{uuid}.deviceKey,CognitoIdentityServiceProvider.7cd3keuknr18mv2boiaesbgce3.{uuid}.idToken,CognitoIdentityServiceProvider.7cd3keuknr18mv2boiaesbgce3.{uuid}.randomPasswordKey,CognitoIdentityServiceProvider.7cd3keuknr18mv2boiaesbgce3.{uuid}.refreshToken,CognitoIdentityServiceProvider.7cd3keuknr18mv2boiaesbgce3.{uuid}.userData,__stripe_mid,__stripe_sid,_gcl_au,_rdt_em,_rdt_uuid,amplify-signin-with-hostedUI,intercom-device-id-p7a9jdob,intercom-session-p7a9jdob
f2e654c0-b6db-4265-9b7b-d5c3af6adbeb	GET	cookie	/user/profile	AMP_MKTG_d6814239bf,AMP_MKTG_e6fe2a7b15,AMP_MKTG_e6fe2a7b15,AMP_d6814239bf,AMP_e6fe2a7b15,AMP_e6fe2a7b15,CognitoIdentityServiceProvider.7cd3keuknr18mv2boiaesbgce3.LastAuthUser,CognitoIdentityServiceProvider.7cd3keuknr18mv2boiaesbgce3.{uuid}.accessToken,CognitoIdentityServiceProvider.7cd3keuknr18mv2boiaesbgce3.{uuid}.clockDrift,CognitoIdentityServiceProvider.7cd3keuknr18mv2boiaesbgce3.{uuid}.deviceGroupKey,CognitoIdentityServiceProvider.7cd3keuknr18mv2boiaesbgce3.{uuid}.deviceKey,CognitoIdentityServiceProvider.7cd3keuknr18mv2boiaesbgce3.{uuid}.idToken,CognitoIdentityServiceProvider.7cd3keuknr18mv2boiaesbgce3.{uuid}.randomPasswordKey,CognitoIdentityServiceProvider.7cd3keuknr18mv2boiaesbgce3.{uuid}.refreshToken,CognitoIdentityServiceProvider.7cd3keuknr18mv2boiaesbgce3.{uuid}.userData,__stripe_mid,__stripe_sid,_gcl_au,_rdt_em,_rdt_uuid,amplify-signin-with-hostedUI,intercom-device-id-p7a9jdob,intercom-session-p7a9jdob
e644b516-6261-4476-972f-852749638c8c	GET	cookie	/user/trading-plan	AMP_MKTG_d6814239bf,AMP_MKTG_e6fe2a7b15,AMP_MKTG_e6fe2a7b15,AMP_d6814239bf,AMP_e6fe2a7b15,AMP_e6fe2a7b15,CognitoIdentityServiceProvider.7cd3keuknr18mv2boiaesbgce3.LastAuthUser,CognitoIdentityServiceProvider.7cd3keuknr18mv2boiaesbgce3.{uuid}.accessToken,CognitoIdentityServiceProvider.7cd3keuknr18mv2boiaesbgce3.{uuid}.clockDrift,CognitoIdentityServiceProvider.7cd3keuknr18mv2boiaesbgce3.{uuid}.deviceGroupKey,CognitoIdentityServiceProvider.7cd3keuknr18mv2boiaesbgce3.{uuid}.deviceKey,CognitoIdentityServiceProvider.7cd3keuknr18mv2boiaesbgce3.{uuid}.idToken,CognitoIdentityServiceProvider.7cd3keuknr18mv2boiaesbgce3.{uuid}.randomPasswordKey,CognitoIdentityServiceProvider.7cd3keuknr18mv2boiaesbgce3.{uuid}.refreshToken,CognitoIdentityServiceProvider.7cd3keuknr18mv2boiaesbgce3.{uuid}.userData,__stripe_mid,__stripe_sid,_gcl_au,_rdt_em,_rdt_uuid,amplify-signin-with-hostedUI,intercom-device-id-p7a9jdob,intercom-session-p7a9jdob
fdd5bbb6-8ff7-46c0-93fe-98b22895c5b0	GET	query	/v1beta1/acats/assets/validate	pretty
b0ed684c-738d-4e46-898b-0f105f69a0a0	GET	query	/v1beta1/acats/contrabrokers	pretty
7b754ec5-a346-4b53-94d5-9cf4e1f28ee6	GET	cookie	/verify	AMP_MKTG_d6814239bf,AMP_MKTG_e6fe2a7b15,AMP_MKTG_e6fe2a7b15,AMP_d6814239bf,AMP_e6fe2a7b15,AMP_e6fe2a7b15,_gcl_au
0eed23c0-73bc-42dd-910e-c2c871e0e823	GET	query	/verify	clientId,code,email,region,username
